0.029540105	-0.08791514	-0.09777937	-0.04176787	0.112885684	0.067382954	0.014787934	-0.063227415
0.043632697	0.012307321	0.041254014	0.06191985	-0.032717656	-0.027244013	-0.050062384	0.034317322
0.061671603	0.10210095	0.099182464	0.04591307	-0.09874119	-0.02864851	-0.054816794	0.05169867
0.07317458	0.09750887	0.07112676	0.09316866	-0.033061	-0.029861167	-0.09512457	0.100485094
0.104350425	-0.07194301	0.01950266	-0.011636537	0.019436548	0.03714701	0.042807594	0.019019796
0.043103036	0.06807428	0.025475595	0.07465371	-0.01946311	0.024213511	-0.06882129	0.086084515
0.110918544	-0.1015693	-0.14927468	-0.09357342	0.111535564	0.15543637	0.13249552	-0.14818579
0.076523215	0.14239153	0.12570223	0.12288534	-0.1389078	-0.05999412	-0.16069838	0.08771107
0.04270693	0.0039517395	0.03392016	-0.021309942	-0.032851577	0.024298623	0.037052587	0.018174047
0.10022405	-0.0869001	-0.040065233	-0.059553187	0.013768997	-0.029136037	0.0183525	-0.07929178
0.05116403	0.107478306	0.061904337	0.058139592	-0.06562971	-0.0572552	-0.07192015	0.050359115
0.0453011	-0.034954906	-0.07544633	-0.06699383	0.0914461	0.09258372	0.08010046	-0.10148816
0.073127605	-0.09147929	-0.037361886	-0.076640286	0.09356736	0.04981673	0.07204847	-0.06636193
-0.030858	-0.07539075	-0.12729347	-0.104682185	0.083108895	0.031980794	0.07316448	-0.067390285
0.037627425	-0.07592616	-0.11636902	-0.107758515	0.032781094	0.046333626	0.08763456	-0.09407038
0.020153424	-0.14258868	-0.07426278	-0.06951985	0.08503138	0.082785584	0.08235763	-0.07714153
0.044249497	0.06723841	0.048843905	0.091016866	-0.07972565	0.04171056	-0.13267781	0.12575577
0.02365426	0.031350266	0.04663301	-0.039111126	-0.009019198	0.0196792	0.0155710345	-0.02512666
-0.007914048	-0.03619756	-0.04596884	-0.048965316	0.07507319	0.03112749	0.048487306	-0.06184713
0.02603638	-0.0579121	-0.029984264	-0.061497502	-0.0058905543	0.017418375	0.045126375	-0.073711246
0.0074263266	0.02364503	-0.0442117	-0.06814158	0.06843837	0.06556588	0.072192855	-0.020072354
0.07923874	-0.036535297	-0.064772666	-0.026819663	0.051552095	0.045868196	0.009756069	-0.05573515
0.020781392	-0.018678505	0.0017735112	-0.024251616	0.058162235	0.031238215	0.05081324	-0.033429172
0.0047615273	-0.06633999	-0.037872598	-0.018625384	0.009759524	-0.0053036297	0.034201976	-0.0077079847
0.0019727624	0.046116155	0.017545182	0.035368297	-0.001820931	-0.004863627	0.0056370534	-0.040602215
0.0774633	-0.007620982	-0.05134434	-0.09845658	0.10457777	-0.02693576	0.02968784	-0.056116596
0.03967207	0.09411974	-0.0024754982	-0.013782845	-0.04268693	-0.012891509	0.029144004	-0.019556155
-0.04711791	0.091578	0.1267518	0.10034987	-0.12912235	-0.02239634	-0.08220807	0.12871356
-0.023169024	-0.12143707	-0.121895604	-0.14279087	0.11555395	0.07833001	0.14019749	-0.12585394
7.352559e-06	0.07530113	0.12193031	0.054651827	-0.05370957	0.02896004	-0.08500624	0.0694234
-0.008647413	-0.020587403	-0.032392833	0.038017023	-0.03753969	-0.03071164	0.034487024	0.017548824
0.026803344	0.0927225	0.023815027	0.0001551553	-0.020656534	0.03585449	-0.043298975	0.069658384
-0.04831716	0.014666097	0.0057426724	0.0066769524	0.023484409	0.06326448	0.038643695	-0.045258015
0.063443094	-0.014165021	0.03872965	-0.039139688	-0.039240096	-0.039798114	-0.05370689	-0.01498712
0.008242238	-0.06283149	-0.0842411	-0.075667724	0.084096044	0.073049605	0.06781659	-0.06373766
-0.0110173775	-0.065996505	-0.0016034979	-0.05663851	0.0018883393	0.002007647	0.0042946427	-0.06353898
0.048474632	-0.06825645	-0.108468056	-0.01601703	0.07108921	0.0072987904	0.0567309	-0.11028363
0.05942346	-0.029091839	-0.006190353	-0.027112091	0.072965465	0.021123288	0.03548364	-0.07573845
-0.0037768907	-0.027411116	0.030015795	0.026308928	-0.032311283	0.042163912	0.04366605	0.006992526
0.043310884	-0.102598645	-0.116840154	-0.0901391	0.116135165	0.0724106	0.095635355	-0.13547947
0.077981226	-0.0069539803	-0.00026880234	-0.06139048	0.045816455	0.03381725	0.047337905	-0.01100921
-0.014374169	-0.07858186	-0.08824342	-0.12012382	0.067338884	0.059342895	0.091293834	-0.05375834
0.009507409	-0.061526388	-0.10789497	-0.10684746	0.12179237	0.068720326	0.07038064	-0.11487228
0.05947541	-0.05223555	-0.0516923	-0.03916396	0.049306277	0.066188015	0.02011244	0.01800269
-0.030984497	0.12975492	0.09506181	0.045315456	-0.057653736	-0.05354021	-0.065640464	0.101303145
0.077097476	-0.11715695	-0.11622822	-0.12588672	0.108286835	0.028808823	0.043326132	-0.07486522
-0.033004176	0.022899503	-0.007460238	-0.04871846	0.08617143	0.021659985	0.03508939	-0.026687115
0.009797036	-0.0143393995	-0.024432693	-0.0041896543	0.023373516	0.036187384	0.061087053	-0.0451731
0.014277626	0.032824583	-0.062333357	0.019852722	0.049863555	0.023953613	0.028416162	0.003562075
0.0583252	0.078935124	0.097501025	0.10780171	-0.084703445	-0.11786179	-0.10857742	0.1374171
0.050375886	0.007932341	0.015920777	0.031708736	-0.009220248	0.033007137	-0.06818296	0.0022071586
0.0885701	-0.112495564	-0.12721033	-0.1010786	0.09336	0.08952695	0.07286507	-0.10470243
-0.0076891	-0.118925326	-0.1432185	-0.11101307	0.093162194	0.09200827	0.14587909	-0.0824493
0.005264269	-0.036030192	0.022460235	-0.0019981917	0.0176165	0.019093998	-0.008404169	-0.010581358
0.03344288	-0.03377793	0.04555951	0.057411816	-0.052476298	0.040349983	-0.008469551	0.05533876
0.024958525	-0.045836817	-0.12847522	-0.13038398	0.06261366	0.106537744	0.112582535	-0.14625952
0.05009224	0.008838194	-0.049498957	-0.085205026	0.037340675	0.042920683	-0.0007409717	-0.086123794
-0.009456962	-0.041613203	-0.107790776	-0.079200186	0.059359126	0.107908934	0.12389046	-0.118726134
0.018979121	0.03397541	0.027020436	0.02131683	-0.05820711	-0.036232576	-0.055830747	0.08119543
0.016529905	0.038507637	-0.013504735	0.04311613	-0.039382122	0.0042040865	-0.018922761	-0.03078802
0.07591467	-0.048019733	-0.15269437	-0.14536467	0.106015906	0.06482116	0.062138565	-0.07652803
-0.011339231	0.022716288	0.096004725	0.04842122	-0.027030712	-0.005590411	-0.070214994	0.0038313258
0.020580487	0.06186362	-0.03015032	0.037454925	0.056461904	-0.11561985	0.026210701	0.03266534
0.09413216	-0.09807663	-0.12368144	-0.14033103	0.12509933	0.04698018	0.15411343	-0.15173271
-0.0053381366	-0.09929417	-0.07710602	-0.05566625	0.053796798	-0.04887274	0.051966157	-0.08765353
0.027155979	-0.04771663	-0.009121014	-0.06835835	-0.0010473281	0.0389738	0.06407657	-0.057725683
0.0017796452	-0.038563874	-0.063972674	-0.04876859	0.053012103	-0.03711765	-0.031441964	0.040370382
0.0456816	0.048112776	0.061787106	-0.010204419	0.007742963	-0.03645814	-0.01941765	0.08422973
0.06865934	0.026351277	0.0005208746	0.067253195	-0.0536655	0.014093978	-0.033791803	-0.0049034315
0.03610981	0.06540175	0.13934661	0.044698354	-0.058860317	-0.09629378	-0.08595701	0.055281844
-0.031083312	0.08952178	0.058658283	0.04147487	-0.07988166	-0.08703472	-0.020075934	0.03946805
0.034397338	0.113450326	0.09266824	0.09872082	-0.11598684	-0.05995942	-0.04685112	0.1477732
-0.01727378	0.09014954	0.07180157	0.15457904	-0.09455265	-0.08416801	-0.10465713	0.081692964
0.040063903	0.04897722	0.10223272	0.067194454	-0.0022376347	-0.0460834	-0.08964089	0.09966194
0.005901399	-0.093873985	-0.10726643	-0.11032454	0.09727405	0.078806706	0.11914768	-0.07060042
0.08552513	0.030100066	0.011239499	0.015427475	-0.026749907	0.004962412	-0.07748237	0.100993246
0.06362273	-0.09501809	-0.119939364	-0.08859385	0.12105633	-0.011759516	0.031788282	-0.044448882
0.038373355	0.081448495	0.064468816	0.090272106	-0.050384328	-0.035632893	-0.08388519	0.041736476
-0.0010920592	-0.063428104	-0.13517569	-0.16613224	0.1340889	0.035079744	0.104114875	-0.07933595
0.0135058025	-0.057537902	-0.0085565215	-0.057290517	0.058864426	0.07080814	-0.015898932	-0.069388814
0.017492956	-0.056204833	-0.10363899	-0.1385761	0.051150627	0.054171223	0.060397368	-0.12563743
0.061338533	-0.031054856	-0.042123	-0.067922615	0.021075612	0.038570143	0.08852444	-0.047057383
-0.021119347	0.073859446	0.01801761	0.06162229	0.00963311	-0.030040724	-0.011370528	0.0064660693
0.0144883925	0.032833315	0.09919547	0.111630864	-0.07098042	-0.0036703574	-0.026324771	0.037644193
0.024108343	-0.037782572	-0.05651995	-0.08909439	0.079310894	0.05134884	0.09479173	-0.038145214
0.062272735	0.009864688	-0.03452278	-0.07084983	0.022527264	0.018391125	0.047231507	0.0029168825
-0.036388315	0.05504872	0.12387492	0.060825806	-0.1001752	-0.07776753	-0.13540974	0.068188995
0.045229085	-0.07570847	-0.044409376	-0.07339415	0.065653324	0.0002852442	0.05431707	-0.08041557
-0.010798601	0.046978366	0.0027310026	0.03707846	-0.03427049	-0.0010369495	0.019264216	0.020200323
-0.027237987	0.064720996	0.12558438	0.08317899	-0.061480556	-0.0032672887	-0.068878315	0.103236005
-0.08191365	-0.011212979	0.03103085	0.09342004	-0.08155443	-0.013723871	-0.01575658	0.010349979
0.05721788	0.0901261	0.047384012	0.106146745	-0.04046359	0.04437585	-0.06116155	0.06822386
0.021677352	0.0053790086	-0.09334597	-0.052829172	0.069443546	0.013161097	0.044423494	-0.067154065
0.00194295	-0.012052454	0.026426664	0.013548094	0.04652051	-0.001727226	0.05258537	0.010605424
0.071116984	-0.031868283	-0.06030771	0.0009058866	-0.0127279	0.017152144	0.057090316	-0.0013963891
0.057262372	-0.031613726	-0.04554642	0.02639363	0.052309733	-0.048607513	-0.04508803	-0.026821952
-0.040496897	-0.07875546	-0.08281839	-0.068766065	0.106812686	-0.011946971	0.03739609	-0.098269016
0.051182784	-0.058009475	-0.09451233	-0.05614732	0.06784982	0.06794032	0.09925077	-0.05316905
-0.031707447	0.02684636	-0.02011233	-0.000113071095	0.043796573	-0.060517445	0.03119479	-0.06938764
-0.031151386	-0.032047797	-0.056542464	-0.030969525	0.06159916	0.0017777961	0.060143374	-0.047517836
0.003784798	-0.03707747	-0.050500367	-0.018509753	0.100260854	0.06364438	0.06865006	-0.025984496
0.050223272	-0.107952215	-0.066156164	-0.09315458	0.042862825	0.051233903	0.04780115	-0.07710569
0.004731264	-0.10495825	-0.07621417	-0.07584335	0.062469035	0.058489032	0.09962651	-0.0985754
0.044636965	0.09035174	0.02823897	0.016214611	0.0258416	-0.020881772	0.017346028	0.04947143
0.051911063	-0.03235645	-0.021494333	0.022452688	0.0054345266	0.06321562	0.029668141	0.024756094
0.020468744	-0.023526708	0.055433117	0.018423416	-0.038173847	-0.031593177	-0.014575031	0.02434021
0.023097483	0.044121236	0.018345693	-0.033779997	0.024420876	-0.010867495	-0.0008168593	-0.024918268
-0.029300265	0.01411781	-0.0035107199	-0.010270039	-0.0001509486	0.016731346	-0.00990779	-0.009431576
0.01994805	0.09357876	0.09623612	0.09191426	-0.1373524	-0.054577608	-0.08234863	0.11299555
-0.025660425	-0.023859816	0.10671199	0.08224254	-0.044718977	-0.0021650228	-0.066408455	0.082333475
-0.014476327	0.06662494	0.031011086	0.022735784	-0.0400716	0.0066794143	-0.0422499	0.08525241
-0.027195849	-0.11603374	-0.086162634	-0.12402794	0.08391317	0.09091362	0.08835177	-0.11171588
0.0075484896	0.051139556	0.01863628	0.048354693	-0.030317906	0.016732166	-0.009648178	0.044636007
-0.008028733	-0.12143206	-0.07577245	-0.0812024	0.073875695	0.061601505	0.133605	-0.12136864
-0.04105197	0.056838963	0.061965924	0.07212192	-0.058276854	-0.058070976	-0.034475394	0.06464015
0.051399946	0.061308183	0.037938695	0.056079786	-0.012299314	-0.05678304	-0.054615207	0.025566664
0.017504275	-0.01271891	-0.014521082	0.014875115	0.028596938	-0.07518058	0.020362984	0.01576987
0.03963103	-0.041019477	-0.13791685	-0.041757055	0.0866804	0.07079048	0.123945415	-0.098576084
-0.06715385	-0.07746306	-0.07090659	-0.06953349	-0.0067928275	0.08186762	-0.015737483	-0.08143336
-0.009437945	0.05576262	0.0375577	0.06629403	-0.042483516	-0.07508378	-0.119474575	0.07556064
-0.0047517656	0.05455474	-0.002800717	0.009892127	-0.002275262	0.015524928	-0.04628764	0.056674436
0.06192738	0.13047412	0.06863903	0.08897234	-0.054726467	-0.045426186	-0.11134803	0.057154417
-0.05060154	0.11285853	0.09980621	0.12666062	-0.07506301	-0.026450198	-0.092843965	0.095954016
0.015077322	0.08050214	0.0747232	0.05138568	-0.040045787	0.02567973	-0.04733	0.11950214
-0.011627373	0.06380565	0.109608404	0.10911381	-0.112883724	-0.101335265	-0.091850676	0.109795116
0.025946602	0.039385345	0.060171958	0.11065702	-0.06268946	0.017588189	-0.06257762	0.025533328
0.036868386	0.1044293	0.10758229	0.07417991	-0.059298538	-0.07008552	-0.053460374	0.0657998
0.027533904	-0.09211068	-0.12788142	-0.085548215	0.09280787	0.12930976	0.13422735	-0.09309186
0.020801194	-0.057609342	0.001283473	0.001958682	0.07620253	0.042812172	-0.010680298	0.025706753
0.052499954	-0.026567936	-0.02854522	-0.0073455367	0.07343672	0.0001334222	0.008856026	-0.05233237
-0.020203019	-0.10654481	-0.12120846	-0.07865225	0.072080664	0.09451369	0.06024008	-0.09747722
-0.07287408	0.03231206	-0.06463564	-0.09231479	0.071611844	0.023795094	0.04363794	0.014343709
-0.009906692	-0.06588479	-0.04302963	-0.060783338	0.031438574	0.025374565	0.09695113	-0.076880224
-0.0023405547	-0.04796779	-0.0983441	-0.08602095	0.07188089	0.050186865	0.12433661	-0.13954961
0.010088067	-0.074234776	-0.0716085	-0.06351388	0.019682571	0.04037475	0.047946516	-0.043346945
0.01551906	-0.041452505	-0.12028019	-0.081877194	0.0878442	0.115986325	0.12970832	-0.119184986
-0.001509723	0.090133406	0.041327685	-0.0040002014	-0.021552287	0.0025456601	-0.06298097	0.054900724
0.012464215	-0.08693686	-0.063867554	-0.050515536	0.059198752	0.030216757	0.077525966	-0.034687985
0.047302593	-0.03439708	0.05240941	-0.040327385	0.017696165	-0.044681877	-0.017657092	0.017278897
0.008417526	-0.048378117	0.0035074563	-0.068597674	0.09880441	0.05618247	0.021497767	-0.056721285
0.06319266	-0.032888006	0.029082252	0.010795717	0.0010426554	0.048389733	0.016556721	0.0074122646
-0.0039243237	0.053782463	0.040125564	0.004960898	-0.03119226	-0.020370051	-0.027228475	0.064121544
0.04113912	0.035659987	0.06414703	0.04047901	-0.019730756	-0.024123091	-0.055901263	0.05223915
0.036296763	0.086389884	-0.014395774	0.006883926	-0.04081414	-0.06508272	-0.037869684	0.08510149
-0.002543631	-0.008552597	-0.0033691074	-0.031193156	-0.010644493	-0.010619849	0.045249738	0.016028145
0.04103147	0.056793395	0.06853176	0.099373676	-0.04792713	-0.07388958	-0.10598727	0.10139906
0.008612818	0.09819922	0.08610293	0.11310612	-0.040560123	-0.0160454	-0.04777661	0.07691767
-0.007837785	0.047425907	0.08843146	0.11451127	-0.11202206	0.010912616	-0.04622299	0.0546968
0.007140268	0.12436811	0.12896375	0.060325522	-0.067929134	-0.074990325	-0.133919	0.09135746
0.010790046	0.030230401	0.041068345	0.037213832	-0.06195167	-0.010317792	-0.023208324	0.026982155
0.04016114	0.046211615	0.096027605	0.06575163	-0.01263694	-0.0027204107	-0.07089384	0.11233213
0.047254927	-0.025339529	0.0013761565	-0.024440525	0.031671386	0.0472105	0.06257283	-0.009927936
-0.008249287	-0.055292595	0.005974267	0.003986476	-0.010882753	0.024388615	0.07183645	-0.0055938726
0.012341979	-0.11669519	-0.09719903	-0.097006634	0.071657054	0.054456152	0.10556258	-0.12997288
0.010111208	-0.00495446	0.08188782	0.013135058	0.014126987	-0.013386673	-0.08234483	0.02754392
0.026320219	-0.03013716	-0.1082788	-0.096408024	0.054967467	-0.03394382	0.054367308	-0.05115096
0.056927662	-0.082338236	-0.056659527	-0.04248265	0.087833226	0.067266986	0.07002368	-0.08100303
-0.053907394	0.0077364384	-0.076120764	-0.05819177	0.025585767	0.05442846	0.03635949	-0.04560695
0.019508665	-0.09862677	-0.05736489	-0.09086505	0.119140014	-0.010775014	0.05299319	-0.084985115
0.014961494	-0.028868781	-0.030019147	-0.045086175	0.05630653	0.0029276418	0.024298545	-0.0643276
0.004175672	-0.050079186	-0.11168655	-0.052277263	0.021794943	0.06878664	0.029871128	-0.039226506
0.01979173	0.014573278	0.00025805784	0.071463145	-0.0032462177	-0.010956893	-0.0074163196	0.07161232
0.074680045	0.0309742	0.029980956	0.09885677	-0.024866708	-0.0055275215	-0.051525608	0.010075274
0.035189744	-0.013418688	-0.10939986	-0.048211433	0.054025065	0.022730414	0.04619728	-0.1010885
0.03501528	0.051090743	0.022433812	0.0017892905	-0.011464298	-0.003117955	-0.077551454	0.018015238
0.0076855067	0.0692213	0.034766905	0.04876093	-0.03738676	-0.08086787	-0.056818575	0.05884068
0.0019015819	-0.088824295	-0.030226277	-0.07221602	0.04436954	0.029189205	0.073583014	-0.1092105
0.034996714	-0.021994755	-0.030143777	-0.07644389	-0.0006202487	0.064695425	0.04921523	-0.086495064
-0.012363872	-0.068672396	-0.033493046	0.017539997	0.04141786	0.0023927914	-0.022262745	-0.026637778
0.047860116	0.00013566311	-0.078064114	-0.04036516	0.026405536	0.046734817	0.0723677	-0.09687981
0.04578594	-0.029152349	-0.043454893	0.0071651167	0.061607927	-0.029444184	-0.034965444	-0.038703546
-0.009125026	-0.006001296	-0.005037311	-0.04136264	0.02867322	-0.008504701	0.027520817	0.014761703
4.7433696e-05	0.05698712	-0.0015090375	0.059029255	0.0027961368	-0.011067571	-0.05134344	0.037803914
0.051301666	0.059095934	0.0034771736	0.021486253	-0.03588607	0.02859836	-0.049725946	0.021667128
-0.039998777	-0.012188856	0.029662438	0.023084415	0.004347261	0.014003666	-0.025153713	0.00027156377
0.01736787	0.016622461	0.02165941	0.029829862	-0.045626894	0.042748522	0.020491797	-0.044094287
0.0828968	-0.08431893	-0.1007457	-0.10917191	0.08309265	0.0710572	0.07342046	-0.047204956
-0.012592649	0.054216154	-0.025428023	-0.041601915	0.036522474	0.020255465	0.013400472	-0.02229748
0.0097867595	-0.10268172	-0.03425393	-0.051614184	0.06666728	0.08426006	0.03550426	-0.07902223
-0.025618173	-0.08792431	-0.04331899	-0.10475862	0.07294367	0.0072782314	0.06336708	-0.05645142
0.007138165	0.075558625	0.06140713	0.09287074	-0.018207392	-0.02713642	-0.057305545	0.07765647
0.029948194	0.057905402	0.10677049	0.029339807	-0.051005073	-0.061787426	-0.110152	0.07471795
0.07097195	0.041385997	0.07393794	0.028233085	-0.02146348	0.032357506	-0.1017474	0.021658124
0.0388476	0.08005095	0.09851886	0.0173276	-0.061134778	0.020751063	-0.006727685	0.07684746
-0.0015819601	0.009589324	0.099809304	0.07550269	-0.050963335	0.089457236	-0.12092691	0.081151225
0.024410017	0.07314222	0.056855656	0.092135355	-0.048765674	-0.05658649	-0.06630231	0.048521996
-0.01937404	0.027650071	0.100793205	0.035335034	-0.08250687	0.0300396	-0.050755262	0.06278903
0.021610532	0.032196254	0.07942309	0.08887543	-0.027889993	0.07917137	-0.106283255	0.098299325
0.06662658	0.045983918	0.067378886	0.05268903	-0.12417616	-0.011811087	-0.09617118	0.07062857
0.018589443	0.104853354	0.07930423	0.06097272	-0.07785786	0.041002713	-0.096918784	0.09934188
-0.01937308	0.06515309	0.08851706	0.12387162	-0.08927411	-0.048637602	-0.13222253	0.04604405
0.059797652	-0.08884923	-0.041939028	-0.08600744	0.03302789	0.07194672	0.07761818	-0.042884346
-0.048327312	-0.016172415	0.03934008	0.04473134	0.008362629	0.046614498	0.046209786	0.007262975
0.013184992	-0.03781629	-0.10189872	-0.056861345	0.12222554	-0.009780714	0.03366684	-0.029779717
0.06197255	-0.03907911	-0.0058720866	-0.053381786	0.062371187	0.022222558	0.021574935	0.0031315745
0.013545319	-0.0018898437	-0.09094595	-0.09640119	0.06276391	0.0156070525	0.10643846	-0.096338
0.026830427	-0.10574248	-0.102849655	-0.07317627	0.12739906	0.042934053	0.10358506	-0.05262531
0.01767456	0.039464254	0.028864425	0.0676833	-0.033436224	-0.049164627	-0.04245419	0.0005762251
0.03545358	0.030733744	-0.0007356112	0.01006418	0.022831477	-0.020143786	-0.027715331	0.010915626
-0.021090893	0.037359733	0.052850462	0.053783096	-0.01907498	-0.10306777	-0.008859282	0.014487987
0.007717104	-0.036300663	0.012723958	0.0053717624	0.016161256	-0.014402603	0.044870313	-0.011894913
0.033482347	-0.020405436	-0.0084636	0.013237991	-0.014818755	0.017699275	0.028742725	-0.0146031715
0.06609883	-0.11175754	-0.073516324	-0.09455471	0.1408756	0.032639366	0.04900171	-0.079733364
0.030151654	-0.0052384627	-0.026653498	-0.058163185	0.031810638	0.047959987	0.028957453	-0.06415101
-0.036828067	-0.06292741	0.017964505	0.010379652	0.029353159	-0.014126741	-0.055875115	-0.0044530956
0.010411357	-0.0135802105	-0.093660966	-0.06696206	0.04236372	-0.015147028	0.07031231	-0.11216443
0.030042797	-0.0060725543	0.026861085	0.06595739	0.013950662	0.0113259945	-0.07079829	0.05388953
-0.0060325856	0.023941742	-0.053817447	-0.01032136	0.001263404	0.023747725	0.0075575225	0.021762269
-0.047960293	-0.0072062733	-0.11943291	-0.058576882	0.05670466	-0.0070486055	0.055076167	-0.0478784
0.02245483	0.012021535	-0.062233683	-0.10020309	0.10803862	-0.06286429	0.05613893	-0.11245617
0.043798946	-0.053840034	-0.05405051	-0.030393997	0.10990625	0.03263765	0.020403797	-0.07835358
0.061160628	-0.054900907	-0.10780899	-0.09142577	0.086064704	0.049776122	0.105864726	-0.05434401
-0.028784031	-0.034268294	-0.06212688	-0.13814987	0.12402623	0.08891128	0.04972925	-0.07855743
-0.014895366	0.024056708	0.074242845	0.046855655	-0.021931872	-0.06948617	-0.040293477	0.07103949
-0.024487069	-0.0018156786	-0.04212744	-0.0060021207	0.075615354	0.080241606	-0.009897541	-0.0105830915
0.05557832	0.07155613	-0.021141857	0.024095831	-0.045657735	-0.0023675591	-0.054875772	0.034126215
-0.039345693	0.06368764	0.085901804	0.008045124	-0.083455384	-0.022739649	-0.0025524118	0.092360504
0.037562612	-0.053724926	-0.047064565	-0.020277431	0.05206292	-0.007987265	0.011610377	-0.047144618
0.050317813	0.09169529	0.07177205	0.030683678	-0.040874705	0.033101562	-0.004963372	0.03970651
0.042321134	0.09832449	0.059124842	0.071211025	-0.035103265	-0.002847573	-0.03155236	0.054039713
-0.052261677	-0.0068431464	-0.09515866	-0.09790274	0.018380322	0.0020598918	0.066903666	-0.08282803
0.01913281	-0.10131992	-0.08570426	-0.04943123	0.10046188	0.018891742	0.08523841	-0.039580453
-0.003944234	0.08603373	0.018255088	0.012946552	-0.0016980028	-0.06242624	-0.08676834	0.096933305
-0.007139723	0.071951896	0.052496586	0.028513817	-0.031483386	-0.005148579	-0.03185095	0.046671793
0.0063716364	-0.08439715	-0.018581927	-0.058692563	0.011687004	-0.016553767	0.00606659	-0.040204108
-0.004284451	-0.005510862	0.032859214	0.042961486	-0.03491583	0.0010166658	-0.02129102	-0.055858023
-0.015549646	0.027939366	0.039407358	0.06353608	-0.023444554	-0.028741872	0.006340621	0.029449848
-0.009478131	0.02236594	0.017987726	-0.031371407	0.0037051782	-0.045498434	-0.05139894	-0.014519085
0.04105962	-0.0218451	-0.060682952	-0.05239005	0.0705774	-0.019349966	0.04205964	-0.11097675
0.029920302	0.11334192	0.035923716	0.0729031	-0.02595609	-0.09736135	-0.0699572	0.053611383
-0.029713597	0.0925726	0.10690799	0.047489293	-0.04584873	-0.033637654	-0.056334425	0.059658833
0.024853561	0.10030112	0.12069855	0.046587024	-0.07729217	-0.044750426	-0.08093659	0.116323635
0.07459628	0.043015927	0.035445586	0.08810127	-0.09058774	-0.00657516	-0.038771104	0.030697104
0.06457655	0.062231403	0.11327112	0.069504574	-0.093882896	0.0030395982	-0.057936233	0.03803063
0.065606855	0.062031675	0.0200988	0.10711993	-0.11355227	-0.043210108	-0.066476315	0.045923855
-0.022493146	0.042352572	0.05284563	0.095456235	-0.10826476	-0.035228517	-0.067870356	0.051780798
0.011121223	0.09700491	0.033670083	0.05478336	-0.042899236	-0.002453316	-0.034084555	0.08912942
-0.050348565	0.052311048	0.037376307	0.083842546	-0.050384887	0.06032931	-0.024713108	0.04096399
-0.0006311213	0.07181667	0.057209905	0.098315425	-0.058367077	-0.055832565	-0.11517569	0.07798908
0.0118528	0.0441893	0.09364216	0.09629279	-0.02991094	0.055433948	-0.038413774	0.0717357
0.018766219	0.029105477	0.08263989	0.036870588	-0.09661166	-0.009988209	-0.0068600713	0.0918379
0.0192138	0.034398723	0.028782357	0.027850296	-0.0047572185	-0.05344116	-0.038072534	0.07689774
0.027542284	0.09782171	0.06801493	0.06244679	-0.05095858	-0.085518025	-0.041957308	0.05976287
0.012738578	0.077325776	0.020444773	0.018232388	-0.090957776	0.008151191	-0.06688451	0.047907915
-0.016572574	0.06506776	0.096704684	0.0746706	-0.100269295	-0.045657996	-0.12252229	0.042801883
0.049648695	0.11170417	0.11650148	0.09347188	-0.035661463	0.00095835084	-0.121107034	0.07352074
0.061297078	0.07042231	0.03445246	0.046834838	-0.083501436	0.009721085	-0.111979455	0.09798887
0.087474376	0.013292414	0.09214315	0.058567114	-0.0931423	0.038499154	-0.02732082	0.054927263
-0.04157703	-0.02565887	0.013956519	-0.004137463	-0.017838785	0.009184302	-0.08395229	0.02224014
-0.0111150695	0.070161514	0.025679769	0.106364705	-0.049934827	-0.04890377	-0.029636484	0.076573886
0.008505188	-0.032485235	-0.12237249	-0.10618209	0.042012308	0.050562277	0.059077635	-0.10481318
0.034036577	-0.0067091784	-0.04399079	-0.06914947	0.11373821	0.016204871	0.09174458	0.008263407
0.04315464	-0.044243068	-0.12151473	-0.029959122	0.025479065	0.037818264	0.05969409	-0.10312863
0.012989562	0.010745844	-0.09507312	-0.024348617	0.03575288	0.017684542	0.024021227	-0.011438407
0.05323066	-0.010899368	0.061042212	-0.015060264	-0.04048251	0.018546093	-0.06302968	-0.0038359296
0.06345038	-0.0053543076	-0.08191512	-0.048108827	0.115261614	0.014798097	0.11840127	-0.016231619
0.014808353	-0.08475862	-0.10177193	-0.086088575	0.049834896	0.05775999	0.015110984	-0.022522852
-0.0486588	-0.09906363	-0.07777135	-0.11302783	0.07895706	0.024600549	0.10539835	-0.030042706
-0.025113683	-0.031838156	-0.024529003	-0.118115276	0.09042384	-0.027256336	0.043759543	-0.052376408
-0.026655497	-0.050825797	-0.061376814	-0.087826736	0.08765219	0.025926048	0.06868349	-0.061575793
0.038840573	0.0452848	0.011754626	0.037155554	-0.023999747	-0.0700959	-0.075048335	0.045978308
0.007684883	0.010465843	-0.0106420815	-0.044230297	-0.0010138035	-0.010113946	-0.032725796	0.032767106
0.025236823	-0.009585526	0.028445594	0.04942323	-0.024367498	-0.028011858	0.007019424	-0.010089103
-0.046973884	-0.0060735215	-0.10896309	-0.05790522	0.082489684	-0.0148380175	0.06926578	-0.07576109
0.0002125597	-0.103856	-0.05553082	-0.042850584	0.066080004	0.0847582	0.09196445	-0.1118836
0.052307185	0.015352434	-0.00275583	-0.035047263	-0.034374084	-0.047138195	-0.030815624	0.009641926
-0.005798972	-0.061475284	-0.089768775	-0.05179454	0.11368691	0.068334095	0.11160817	-0.06718907
0.045068733	0.032207735	0.057581525	0.023497272	-0.028090706	0.07301202	-0.0401331	0.018587882
0.026836528	0.05070011	-0.030973628	0.01670168	0.036706753	-0.037496988	-0.01553135	0.027353382
0.053464107	-0.0022428331	0.0028715576	-0.026108826	-0.049230155	-0.065416865	-0.0013752911	-0.018850515
0.023745904	0.03704043	0.03517282	0.002201646	-0.026001744	-0.036680795	-0.029061487	0.0031731774
-0.029203268	0.04184024	0.026959987	-0.039419737	0.012109721	0.028466728	-0.0069238185	-0.062715836
-0.01774473	0.0034767007	-0.020683305	-0.054215755	-0.0013250054	0.0059910137	-0.023159927	0.0168703
0.015740264	0.04454761	0.05563709	0.0645765	-0.031273197	-0.0138349645	-0.030747656	0.022290004
0.06582792	0.009800688	-0.021612013	0.040006567	-0.041213345	-0.018622914	0.011412239	-0.020753399
-0.054518603	-0.0068773995	-0.02753388	0.0012657773	0.07723962	-0.015704311	0.0542633	-0.0059731435
-0.020177383	0.001491616	-0.050607555	0.01301648	0.06388401	0.036469087	0.07791033	-0.07094181
0.011643616	-0.037032817	-0.06567535	-0.07660432	0.1105786	0.046581592	0.009225103	-0.033686012
0.021220151	0.015262007	-0.05671428	-0.043866467	0.09299003	0.044717062	0.08453265	-0.069205895
0.0020883786	-0.04736249	0.044828095	0.022255547	0.02050855	0.03443147	0.0051823705	-0.04095421
-0.009559643	-0.056959745	-0.034739956	-0.11574757	0.09130229	0.050501164	0.043346036	-0.046307884
0.012945423	-0.08624768	-0.049406298	-0.05053544	0.042063694	0.03089826	0.09487256	-0.07587262
-0.0015347853	0.071328364	0.04128134	0.010258727	-0.010538681	-0.061584022	-0.05187613	0.0160537
-0.06187636	-0.041233458	-0.017887957	-0.03150028	0.027671913	0.017459337	0.034965467	-0.08619622
0.06988677	0.043792684	0.04668021	0.03545476	-0.007008748	0.05852325	-0.023253802	0.06294606
-0.008731379	0.036872253	-0.0008815585	0.020387173	-0.03113901	0.013533832	0.0150025375	0.038524058
0.08123782	0.019433435	0.04071038	0.08349946	-0.029730126	-0.012848295	-0.019766778	0.08015684
0.037189856	0.00784158	-0.06325258	-0.064104185	0.046286378	-0.0018213275	0.06969989	-0.019770762
0.04188653	-0.0750228	-0.08339476	-0.03751422	0.036678486	-0.019517463	0.06349712	-0.023259506
0.027015261	-0.065717965	-0.112829916	-0.04256158	0.0544626	0.013376799	0.05463149	-0.10088728
0.078260794	-0.016147273	0.043762717	0.00012188712	-0.00506834	0.0066134445	0.011491531	0.027171858
-0.014691091	-0.06903823	-0.015084695	-0.03592499	0.07327315	0.02202143	0.054763168	-0.059478343
-0.011645668	-0.0416529	0.10552922	0.08007772	-0.05483588	0.07656122	-0.055579577	-0.013806585
0.09508341	-0.015432941	-0.028807728	-0.0067607425	0.027380118	0.022300523	-0.03416152	0.058074344
0.01522585	0.06881281	0.03803527	0.061301824	-0.053712778	-0.047069553	-0.094773926	0.0014139592
0.0014380788	0.06609532	0.027068475	0.02074465	-0.011720233	-0.00060354377	-0.049333643	0.07297039
0.029158076	-0.055720124	-0.08122895	-0.03569064	0.054910664	0.038973503	0.005860312	-0.06251927
-0.04490967	0.047302548	0.057300072	-0.018083926	-0.05598708	-0.022044333	-0.017052056	0.046922673
0.07742094	0.024742447	0.003117825	0.03157797	0.01627613	-0.025315171	0.01982853	-0.026633365
-0.049834352	-0.06714665	-0.07029429	-0.05614402	0.02033305	0.019037858	0.042345103	-0.09738547
0.026805818	-0.07699217	-0.07425573	-0.036098775	0.054236263	0.056057334	0.042146023	-0.07525305
0.028309202	0.009881721	0.050619725	0.011777771	-0.061914396	-0.049943984	0.01029446	-0.004156615
0.032007832	0.050069243	0.016363896	0.08303549	-0.017649852	-0.058016174	-0.0072628623	0.06584559
0.075009905	-0.029687805	0.12518048	0.053094715	-0.043257482	0.068777665	-0.08370436	0.069001384
0.030265862	0.07354873	0.04315823	0.10324571	-0.093948714	-0.044226594	-0.024484416	0.036452483
0.048876908	-0.005416178	0.044113442	0.038863186	-0.06321059	0.040607374	-0.082757875	0.083257936
0.04108113	0.035189677	0.053298857	0.12355097	-0.028023662	-0.06900916	-0.045072123	0.053041644
0.059945952	0.032834347	0.12749556	0.087765835	-0.10135682	0.029788246	-0.07761508	0.059349034
-0.004440095	0.12052095	0.06804004	0.04099428	-0.08857741	-0.013507101	-0.090020806	0.09276413
0.03322337	0.07987481	0.07746445	0.041044023	-0.06967456	-0.04719304	-0.021844415	0.048069872
-0.040240306	-0.003917152	0.07812073	0.0135000795	-0.0762894	-0.017930957	-0.082577616	0.049227197
0.05266039	0.055393293	0.06504026	0.04045288	-0.030142851	-0.010213332	-0.07226544	0.09790817
-0.023964804	0.06816075	0.03811258	0.050008647	-0.045668695	-0.04466379	-0.057351656	0.046798535
0.05103478	0.043736357	0.095914	0.05176694	-0.0851442	-0.0076516266	-0.07758822	0.041504316
0.013250373	0.058228236	0.012889749	0.09778067	-0.0752047	-0.03822816	-0.09348015	0.090982854
-0.022860324	0.05131662	0.02155155	0.03462065	-0.08364597	0.037672587	-0.027690869	0.037182197
-0.0017522903	-0.01885426	0.099159665	0.0065482776	-0.0607518	0.01419073	-0.08359952	0.0733697
-0.005073719	0.014941693	0.07981924	0.05501198	-0.07288195	0.04473541	-0.08118739	0.078608446
0.078723975	0.052025486	0.102889255	0.09602308	-0.05701226	-0.006176416	-0.1027746	0.12930429
0.02991577	0.066783905	0.084354945	0.015733346	-0.09347202	0.028613878	-0.106965825	0.067773595
0.0068946118	0.048745427	0.051046774	0.09596005	0.008324902	-0.013633393	-0.030276729	0.02416138
-0.0026263988	0.03185447	0.02605547	0.043590665	-0.084165335	0.013698837	-0.03403963	0.09188115
-0.03551976	0.104578115	0.043560546	0.0028363299	-0.002833225	-0.0073219193	-0.008858055	0.051881637
0.071364485	0.042239152	0.095168844	0.027594406	-0.028200382	-0.079090096	-0.01039653	0.056945514
0.0440148	0.017034467	0.036659453	0.055499833	-0.001559699	-0.01793223	-0.056588817	0.028157579
0.010035911	0.058457382	0.040189423	0.08990556	-0.063603945	0.029154118	-0.04607868	0.013333058
0.052339368	0.08401359	0.055116918	0.07557831	-0.007098729	-0.010435264	0.0022003849	0.0035354097
0.03820324	0.014821263	0.086608306	0.052838434	-0.053860214	-0.030949205	-0.0125298565	0.01083156
-0.035762656	0.037244532	-0.0005370006	-0.032134615	-0.036847495	0.030661944	0.021436822	-0.020998169
0.03963914	-0.008307613	-0.048731852	-0.043058492	0.012459327	-0.040992666	0.019474033	-0.020334518
-0.016914517	0.038304534	-0.008416558	-0.08083396	0.101456255	0.026632873	0.025361639	-0.039917342
0.022186808	-0.074226566	-0.06076959	-0.037334528	0.06888931	0.021046488	0.094198585	-0.04825366
0.028121436	-0.04341272	0.014504338	0.0089647025	0.064626016	0.07181985	-0.003129328	-0.060129326
-0.005658656	0.006401158	0.008553077	0.067348994	-0.039025497	-0.04048908	-0.005051927	-0.010669844
0.024087982	0.02968351	-0.08073892	-0.036850512	0.08194491	-0.042870108	0.029981393	-0.049600165
-0.05617016	-0.0023619574	-0.044575475	-0.046130706	0.027772682	-0.025613207	0.10124685	-0.039103627
-0.0294304	0.050949506	-0.08278893	-0.057928212	0.09545994	-0.04244876	0.08748398	-0.009552483
-0.01738223	-0.05406486	-0.09323816	-0.09392242	0.050184228	-0.012739885	0.020919887	0.001950401
0.009585289	-0.048251007	-0.0864125	-0.04079148	0.02040522	0.05441846	0.080300614	-0.10223443
0.012448199	0.06219192	-0.0017984876	0.04639835	0.011250666	-0.0749518	-0.0051786494	0.055882655
-0.0034322396	-0.0899277	-0.07707658	-0.012131802	0.07207459	0.057822134	0.08595791	-0.09148847
-0.021239582	-0.08071071	-0.029665029	-0.018493528	0.019412184	0.023168657	0.068457276	-0.09363541
0.029522974	-0.06857434	-0.070970036	-0.05721885	0.11905148	0.07342513	0.03953072	-0.10729063
0.023780223	-0.09056785	-0.020724565	-0.06926114	0.031866904	0.0045866105	0.089060016	-0.045596395
-0.04215268	-0.08260091	-0.040487014	-0.06179109	0.07891347	0.02537728	0.09154065	-0.028162595
-0.03444653	-0.05200136	-0.09610015	-0.11068994	0.022220593	0.05779434	0.08571207	-0.09077868
0.013905739	-0.024734566	-0.063690074	-0.056806635	0.047877233	0.08199209	0.101836294	-0.06831415
-0.00039551218	0.070709355	0.0058999145	0.061153546	-0.00021149477	-0.009326195	0.025478445	0.059525266
0.0037528877	-0.036734737	-0.0062038484	-0.014956182	0.06714677	-0.05466514	0.03201488	-0.06837969
0.009309042	-0.07763203	-0.023010079	-0.09341023	0.027107839	0.052818723	0.014591601	-0.040449675
-0.01892726	-0.014188788	-0.06948563	-0.023279581	0.08817106	-0.0038150654	0.011687798	-0.035886936
0.044200465	-0.04689455	-0.09184525	-0.09206196	0.04358416	0.025352811	0.019640174	-0.063811556
-0.0007524565	0.018963208	-0.016245136	-0.019081464	0.02050926	0.0020549998	0.0185765	-0.058415987
0.035212398	-0.019367257	-0.10814297	-0.019367512	0.034282595	0.04730799	0.06926123	-0.08967323
-0.048651583	-0.04265382	-0.045386728	-0.0664427	0.061584637	-0.005741818	0.006028758	-0.0071009756
0.02020429	0.0062280456	-0.010310183	-0.09216308	0.028364386	0.050634895	-0.0028848413	-0.07623362
-0.042891186	-0.047865696	-0.0982445	-0.08518051	0.008909914	0.06804612	0.003658876	-0.0900082
-0.0012354127	-0.010702832	-0.089812554	0.003230944	0.05443594	-0.041305583	0.08480849	-0.03948376
-0.024048334	0.0054940577	0.041143034	-1.4667703e-05	0.0074157114	-0.02653174	-0.0790942	0.05747845
-0.016047006	-0.021368943	-0.04329597	-0.109638475	0.076470576	0.08784574	0.050221838	-0.06410324
0.02945763	0.017401988	-0.064511985	-0.011409711	0.02710571	-0.021701312	0.057586268	-0.069776125
0.00049312395	-0.047079835	-0.046325058	-0.07872271	0.0933844	0.00989277	0.08126259	-0.00041442108
0.048875548	0.06489157	-0.072839506	-0.072919734	0.020961389	-0.06325898	0.06456681	-0.049946427
0.05710746	-0.016054505	0.03205739	0.061580654	0.031447776	0.00041116128	-0.032062586	0.013188158
0.07365627	-0.043664504	-0.042190976	-0.07755239	0.081619896	0.056481387	0.039048307	-0.0821143
-0.029441789	0.06901827	0.044242017	0.020320255	-0.009616312	0.004622811	-0.074718244	0.059952628
0.032210264	-0.03290782	-0.045453947	-0.040122982	0.08840994	0.076733224	0.1028041	-0.11466304
0.06415943	-0.01831733	-7.237792e-05	-0.0015200207	-0.024070546	-0.04379216	0.031650398	0.03747282
-0.03195801	0.04589461	0.062387098	0.0018784713	-0.022979697	-0.007652518	-0.07036561	0.06386105
0.0037921246	-0.035314284	-0.026863124	-0.052233875	0.0021385837	0.03092701	0.08681345	-0.048794713
0.03322977	-0.010282014	-0.062401902	-0.020636419	0.06379679	0.011045987	0.090726234	-0.07831414
-0.06196395	0.0014513948	0.02644452	0.03227879	0.017888116	0.07333428	-2.7328422e-05	-0.046182137
-0.0035431327	-0.004444838	-0.06295954	-0.078439444	0.07467801	-0.021104194	0.084116586	-0.07501235
-0.036923327	-0.017516425	-0.040632464	-0.07448697	0.07114147	0.048022322	0.10350755	-0.006868394
-0.025133312	0.046353076	-0.07925933	-0.06374068	-2.527845e-06	-0.02882956	0.026810234	-0.007521401
0.03522356	-0.050035033	-0.07876114	-0.00665384	0.019515995	0.031144224	0.055998757	-0.06398183
0.024950335	-0.09131338	-0.10204717	-0.10131685	0.055942737	0.06243586	0.0867824	-0.037453365
0.056999158	-0.039047968	-0.06330186	-0.05408075	0.08934349	0.040982258	0.02469668	-0.0412296
0.04662365	-0.043407407	-0.08870175	-0.061537776	0.041536	-0.032288834	0.04907869	-0.01212572
0.022915762	-0.021702893	-0.027869673	-0.04625611	0.01613284	0.053074963	0.04275941	-0.09389614
-0.0070005297	-0.060474385	-0.0046207486	-0.008806004	-0.021483464	0.05937197	0.039637253	-0.064060226
0.011674783	-0.011695019	0.018584182	-0.0037181997	0.0043019173	-0.044908967	-0.029292079	0.07624293
-0.04300861	0.01200237	-0.04012819	0.03406596	-0.012253593	-0.0023493893	-0.0075871046	-0.032059904
-0.026495365	-0.091898635	-0.09801288	-0.08049048	0.03754113	0.03512544	0.037314277	-0.041431416
-0.02198044	-0.05443082	-0.05867291	-0.03518254	0.08175629	0.016865883	0.07155873	-0.08288445
-0.01574213	-0.026315328	0.004856626	-0.030730797	0.0046468996	0.03501243	0.016127348	0.026705837
0.043164376	0.0548639	0.029476695	-0.015958156	0.02273007	-0.00206531	-0.037046682	0.009635147
0.06879209	-0.021293119	-0.102680996	-0.03570027	0.088805705	0.018209707	0.021794016	-0.09582617
-0.043434765	-0.07888731	-0.03805549	-0.06459287	0.07165383	0.03663158	0.04278099	-0.026784789
-0.009597265	-0.013007224	-0.09708633	-0.0073102717	0.082507096	0.06543762	0.08491448	-0.009359238
0.057007235	-0.09344616	-0.076886475	-0.10438247	0.081084624	0.026715802	0.027748702	-0.06858167
0.023910055	0.021174591	0.074521296	0.09150584	-0.059835874	-0.035022512	-0.03814403	0.07316132
-0.013258352	-0.0051693693	0.00848573	0.05786707	-0.06432464	-0.041000824	0.01093771	0.029380513
0.011863853	-0.058309734	-0.104329355	-0.043360442	0.05732056	-0.04817098	0.01941834	-0.068223454
0.024592768	-0.08074173	-0.050836377	-0.040343225	0.06767051	0.03834646	0.06085924	-0.108331606
-0.008359871	-0.058156665	-0.026496312	-0.025197173	0.092847414	-0.013103202	0.03929576	-0.033534788
0.072927184	-0.01823144	0.06615168	-0.0118201375	-0.03332676	-0.004789654	0.0046704253	0.012679332
0.02258354	-0.02935351	-0.027898442	-0.09315993	0.006259099	0.08355867	0.01357681	-0.075881384
0.022134624	-0.055329405	-0.02355434	0.026645606	-0.043086063	0.048440777	-0.005853941	-0.052297287
-0.00064286427	0.07526062	0.037862603	0.05361768	-0.021443142	-0.0841145	-0.019952226	0.008182773
0.008016933	-0.07199631	-0.04113542	-0.05333475	-0.008358533	0.02946223	0.06464318	-0.0050442894
0.009124719	-0.05882224	-0.05417044	-0.06401679	0.047056966	0.026379189	0.01164579	-0.015184169
-0.01205486	0.023522414	-0.08325196	-0.0776397	0.03014148	-0.04799885	0.09110464	-0.019123657
0.0455479	-0.053462397	-0.070379	-0.06980234	0.025853937	0.07312549	-0.006872176	-0.0023224016
0.01664232	0.027203484	-0.012244997	0.013519281	-0.024949288	0.052904386	-0.031748854	-0.036795467
0.029388815	-0.079041705	-0.05192097	-9.004213e-06	0.023553366	0.07761164	0.04622684	-0.04020554
0.03904355	-0.0041960794	-0.0354448	-0.004481458	-0.014813503	-0.02350971	-0.023824327	0.015783468
-0.05130439	0.05114379	0.03169248	0.035092853	-0.04225854	-0.0071653104	-0.008800469	0.03233556
0.009947356	0.014193436	0.00232323	-0.021619782	0.008181242	0.03859183	0.037478313	0.027002523
0.043938104	-0.051363382	-0.0142791895	-0.0014369028	0.05370377	0.010344665	0.055505402	-0.0013550381
0.01113025	-0.0071114106	-0.027491815	-0.006928425	0.005511587	-0.009399788	0.04229442	-0.055815797
-0.018714715	-0.05920493	-0.008929562	-0.01852486	0.057967294	0.057475712	0.022045305	-0.025657333
-0.010003592	-0.03852444	-0.011002361	-0.09811015	0.012308723	0.02513054	0.084981434	-0.06142112
0.024816168	-0.08969049	-0.092556566	-0.06651112	0.023513418	0.015868949	0.046059534	-0.04098013
0.055544905	-0.06312335	-0.028926464	-0.045906503	0.03949469	0.037548028	0.10560635	-0.085742965
-0.01049683	-0.030737707	-0.015216737	-0.06671477	0.042186517	0.0013999892	0.090805985	-0.087019086
0.025542667	-0.004710581	0.0032863289	-0.036818627	0.038780797	0.0016201555	0.053274296	-0.018662276
0.041479424	0.010443145	-0.011441541	0.019028593	0.018889848	-0.0104450025	0.024432914	0.016332205
0.0041970825	0.015764376	0.0423549	0.016225161	0.018063499	0.025545804	-0.028204259	0.06201857
0.018118251	-0.016071217	-0.097244166	-0.111187436	0.052141596	0.017852796	0.107184924	-0.062715806
0.023922518	-0.037149303	0.0264985	-0.021731993	0.00825348	0.003162043	-0.059745695	0.054373156
-0.023814198	-0.04246799	-0.016318228	0.0053020963	-0.030726718	-0.051662087	0.019483207	-0.06266694
0.060507882	-0.073012404	-0.04777566	-0.0477653	0.03123983	0.0511174	0.07167224	-0.049409796
-0.05366879	-0.038673893	-0.05903625	-0.054694694	0.070212424	-0.009706143	0.03374081	-0.06163449
0.0014145499	-0.061353195	-0.093903646	-0.051763266	0.098796524	-0.0047833216	0.06059763	-0.052477006
0.024980903	0.024647783	0.016546827	-0.016373793	-0.015870735	0.031734686	0.0066883895	-0.025175968
-0.0013459937	0.034017853	-0.02606129	0.036697228	-0.009180075	-0.03141981	0.0017577843	-0.032260474
0.03725774	0.018824939	-0.00086410093	0.04003731	-0.032509845	-0.07708757	0.0414931	0.04971192
0.008301764	-0.006527749	-0.0023484153	-0.07611763	0.04682842	0.053158063	0.040424924	-0.046795268
0.011671735	-0.052805047	-0.039131857	-0.05882299	0.08922182	0.011994303	0.09807089	-0.032134283
-0.02594696	0.024675528	-0.009483103	0.014668846	-0.031114629	0.039358344	0.005149659	0.03565087
0.0369	-0.0018462805	0.059770375	0.01577414	-0.04468665	0.028417028	0.011472696	0.056860868
0.030364672	-0.010516252	-0.003405225	0.048678037	0.0052688555	0.035957556	0.010938999	0.010937251
-0.01779303	-0.062127456	-0.111475736	-0.06963527	0.07410156	0.054558326	0.057424396	-0.041601025
0.0045428225	0.049200036	0.009585479	0.074682795	-0.040571325	-0.06327592	-0.028609661	0.04080637
0.057463445	0.003587815	-0.043664828	-0.028423034	0.09202548	-0.031487975	0.07663773	-0.07049933
-0.033727605	-0.03148036	-0.030217359	-0.014410138	0.05593913	0.08155673	0.045414157	-0.03927362
-0.02340958	-0.08020866	-0.06361187	-0.032056957	0.06742844	0.07430617	0.061294097	-0.048982695
0.037874512	0.056533728	0.043374654	-0.014888587	-0.06418921	-0.04836797	0.006534365	0.00010856231
0.009573077	0.013847296	-0.051159	0.0071244384	0.010098327	0.05986891	0.014872578	-0.041641124
-0.0068202387	-0.001330759	0.045851737	-0.046033587	0.042592503	0.0062113013	0.038184397	-0.043756988
0.008472751	0.027195029	0.02232111	0.045819007	0.032011863	-0.008324997	0.025933925	-0.0011716799
0.040729	-0.022349887	-0.065678045	-0.10086223	0.09812163	0.0148330545	0.081798196	-0.054575916
-0.0037450378	-0.008707172	-0.008626072	0.0262132	0.011841315	0.05433909	-0.05723968	0.028681826
0.037514925	-0.08479579	-0.09630148	-0.078227416	0.051022444	0.07490438	-0.0034950115	-0.092543334
-0.0038194032	-0.034957662	0.024411242	0.025993314	-0.03293651	0.011563868	-0.027377019	-0.006023457
-0.051661458	0.043889754	-0.08845287	-0.07574889	0.02022145	-0.032362226	-0.000300609	-0.044175323
0.037715167	0.039563373	0.092476785	0.086063325	-0.0568714	-0.013452657	-0.064514145	0.097585134
0.022931214	0.0015121913	0.11018045	0.009870976	-0.015937824	0.05274935	-0.09042549	0.02861626
0.033105522	0.038238697	0.08548109	0.0066419905	-0.002898089	-0.010679892	0.009665668	0.043163296
0.059841905	0.074926615	0.06467836	0.03508579	0.002706173	-0.084969625	-0.03580929	0.053787958
-0.02399407	0.072907075	-0.0068698716	0.04710622	-0.03597087	-0.044310823	-0.06028663	0.0372627
-0.04085268	-0.021691374	-0.006205306	-0.028877359	-0.029305397	0.045103513	-0.021667438	0.0013857192
0.058159336	0.040624358	0.064552605	0.04073561	-0.05008329	-0.050295223	-0.029389426	0.07775423
0.037001785	0.088158414	0.098966904	0.026618464	-0.071248464	-0.023723489	-0.056472536	0.02374814
-0.014216932	0.10225949	0.07241901	0.029797345	-0.07757379	-0.11312063	-0.0930201	0.055915914
0.028703144	0.038080346	0.03940624	0.04579607	-0.026424041	-0.0151256	-0.07851671	0.03518705
0.023888463	0.07428322	0.10166773	0.06744311	-0.0271991	-0.028551059	-0.045660164	0.047855597
0.025221646	0.07042505	0.08812578	0.061379	-0.03093856	0.038448453	0.0023077049	0.039901357
0.025443165	0.069930814	0.09158491	0.019847747	0.0020053373	-0.01870284	-0.022163646	0.07279299
0.04648759	0.063014016	0.098567314	0.09623158	-0.064336486	-0.041523464	-0.014113596	0.087244086
0.032079592	0.080057256	0.09536159	0.10277627	-0.047129627	-0.010760154	-0.086735904	0.07833565
0.019829014	0.06311255	0.023845704	0.09783548	-0.041211344	-0.05120165	-0.08804319	0.092687145
-0.015997017	0.091718435	0.03199428	0.08625008	-0.016362755	-0.028840238	-0.07886156	0.073173344
-0.039719455	0.080854565	0.0029742552	-0.0021030148	-0.03286227	0.023468446	-0.04130749	0.052356035
-0.00570209	0.09362366	0.08686132	0.07926414	-0.094975226	0.0033493782	-0.05416939	0.049658515
0.05663848	-0.053219225	0.057103835	0.07691543	-0.019523345	0.08054831	-0.08915022	0.01001624
0.022930043	0.03359477	0.0113225235	0.028140148	-0.0778533	-0.09231995	-0.04406429	0.10246069
-0.012281492	0.020208158	0.06257862	0.05063026	-0.061174873	-0.09510694	-0.054412443	0.027273022
0.07602549	0.047877662	0.026285721	0.029771335	-0.08947812	0.03482967	-0.032189395	0.037251744
0.07994434	-0.007402128	0.020540625	0.016387919	-0.011067569	0.040646154	-0.08067993	0.032959044
0.029172454	0.0013711433	0.090305306	0.044680443	-0.07267032	0.046163097	-0.085621	0.004924829
0.0105108125	0.05812427	0.015517428	0.09709069	-0.021317517	-0.0045562596	-0.06374855	0.10157892
-0.022235788	0.089116044	0.051136423	0.033304676	-0.0707596	-0.021247344	-0.080135435	0.058167793
0.08248665	-0.034995954	0.04037402	0.010765912	-0.020268267	0.03466819	-0.04431091	0.0775752
0.061544266	0.08892915	0.062751666	0.07428487	-0.048227537	-0.014668518	-0.060502566	0.028809164
-0.014465599	0.02625633	0.079134434	0.022323703	-0.049108416	0.05400295	-0.035950232	0.005556342
0.009215096	-0.027364831	0.05929788	0.07841351	-0.08187538	0.059933152	-0.0108646015	0.010901301
0.0038513297	-0.017826436	0.074254885	0.048449848	-0.05724831	0.07609361	-0.025821527	-0.026232189
-0.010912374	0.069377616	0.07918119	0.016264193	-0.08945599	-0.0062502497	-0.086325064	0.05637443
-0.041309997	0.047439083	0.06848434	0.03332743	-0.08042226	0.03655538	-0.020550348	0.012393658
0.037293177	0.039053246	0.066338226	-0.013072421	-0.088501014	0.052620973	-0.011988586	0.012314891
0.03824145	0.048637576	0.0037892044	0.060041517	-0.074930124	-0.040496033	0.004756174	0.08073475
0.011909112	0.02775273	0.044938248	0.09974176	-0.08677101	-0.015390139	-0.034400444	0.027740056
-0.027116043	0.05079187	0.088311814	0.0479971	-0.03498069	0.040038314	-0.017250014	0.015147363
0.06542978	0.010761587	0.077897556	0.057498664	-0.08211074	-0.0055142697	-0.023796644	0.038459457
0.02122963	0.028967462	0.03572798	0.09828785	-0.011828423	-0.027452009	-0.10732943	0.10864282
0.013156986	0.07980526	0.034288343	0.01614386	-0.011728574	-0.08123969	-0.06304537	0.049410965
0.018580453	0.05724581	0.055661008	0.06610073	0.0023718702	0.0136228865	-0.06664777	-0.0005642329
0.07060418	0.04336254	0.023214832	0.07049548	-0.036940727	0.059578408	-0.055311702	0.08604561
0.041359153	-0.022852754	0.073351435	0.08454239	-0.031741194	0.012814156	-0.09118233	0.020088654
-0.023720875	0.06791776	0.08090572	0.06917361	-0.06774236	-0.05010658	-0.05029533	0.0516361
0.007295306	0.02636774	0.085932806	0.0055803335	-0.039551765	0.022711726	-0.061136115	-0.000109673
0.012104745	0.017065153	0.014566097	0.036209837	0.0028962947	-0.046212927	0.005729103	0.026123645
0.03227117	0.111661956	0.024542054	0.09824325	-0.079638824	-0.07241693	-0.02966742	0.09042001
-0.017276911	0.0746568	0.029367145	0.06775066	-0.04172749	-0.052710757	-0.10005205	0.07841944
-0.0015569803	0.04709631	0.039221212	0.07669433	-0.08135804	0.006075623	-0.064815186	-0.00602897
0.028266829	0.049601957	0.05573039	0.10201241	-0.067637786	-0.019132163	-0.08201327	0.09366076
0.084347144	0.04746748	0.0030965894	0.043514807	-0.032872777	0.089166075	-0.011985167	0.061330453
-0.0018394272	0.08136431	0.07706168	0.036017787	-0.05935289	-0.046844907	-0.01238818	0.116734736
0.03249879	0.102087595	0.079693675	0.030054925	-0.06250083	-0.012096069	-0.045228504	0.083516076
0.014238857	0.07781882	0.051038813	0.089515716	-0.09399563	-0.082865275	-0.03601315	0.024564577
0.03979559	0.05487279	0.028559987	0.106344976	-0.085765176	-0.03644181	-0.0060473215	0.059053726
0.037126772	0.029459963	0.0973818	0.003652398	-0.084188886	-0.07517438	-0.06110235	0.06790063
-0.0009401402	0.05796296	0.06321021	0.07548793	-0.07408496	-0.01078546	-0.09257335	0.06637412
0.021887813	0.025343865	0.010629336	0.045461386	-0.08056706	0.040615384	-0.044971023	0.08799129
-0.020493727	0.055221487	0.08834554	0.009432946	-0.05729102	-0.020379452	-0.06300519	0.037874956
0.06842982	0.050555393	0.084901825	0.12525465	-0.026500527	-0.034703303	-0.083460465	0.12032326
0.0044295834	0.0230981	0.029238952	0.022842987	-0.04161849	-0.06574394	-0.064415246	0.060318355
-0.019413712	-0.0016341506	0.045372732	0.08401529	-0.09407549	-0.022058526	-0.087653175	0.049471136
-0.00836794	0.07130801	0.024217272	0.02902384	-0.07445116	-0.083979726	-0.063355446	0.02217386
-0.024811849	0.047443166	0.056104437	0.09409402	-0.033751033	-0.09179545	-0.044859085	0.107275926
0.053701583	0.039459165	0.029664872	0.035400867	-0.04296676	-0.013044684	-0.022700537	0.03815757
-0.0077765454	0.027523927	0.08816281	0.0659628	-0.031704072	-0.037446413	-0.007015169	0.021179453
0.06427566	0.11169233	0.0742533	0.122099936	-0.036890917	-0.082491696	-0.077611916	0.090229824
0.020522136	0.02273465	0.05795767	0.06669447	-0.034010474	-0.032893766	-0.024091538	0.045039102
-0.021380313	0.12448962	0.058891106	0.030250624	-0.07178813	-0.09881324	-0.07139952	0.024567999
0.024339052	0.0585664	0.02505354	0.05790398	-0.027343202	-0.03260487	-0.07297084	0.12087247
-0.035640422	0.017843252	0.011312478	0.021709412	-0.041726485	-0.04728986	-0.043904305	0.034437243
0.03987617	0.08494633	0.048587766	0.016730612	7.4301846e-05	-0.04847788	-0.053357195	0.05205877
0.011704877	0.009614897	0.062703274	0.090644665	-0.049146194	-0.04249064	-0.06994611	0.005638558
0.016445432	-0.010030427	0.051714007	0.0249001	-0.005303818	0.09018237	-0.010237287	0.045298778
-0.037635792	-0.016021527	-0.017807078	0.001570642	-0.010291494	0.018510226	-0.03331019	0.013837066
0.0114335045	-0.00045739487	-0.021396888	-0.0023484342	-0.0137184635	-0.016523588	0.040283155	-0.008264817
0.037495557	0.016403068	0.049445543	0.040386904	0.03834528	-0.004850425	-0.0041103475	0.028306749
0.0011454532	-0.08191879	-0.043937262	-0.026756492	0.06422018	0.027325151	0.018710049	-0.048610445
-0.007895226	-0.08972796	-0.038653728	-0.021565521	0.078496695	-0.0065187803	0.10059001	-0.036997013
0.0034616813	-0.03137636	-0.08615408	-0.029158395	0.086846635	0.020329801	0.09370824	-0.08874337
-0.050078794	-0.06468933	-0.01600131	-0.0478853	0.041261077	-0.033907097	0.052831035	-0.05684657
0.010311623	0.020126535	-0.059115417	-0.051614877	0.06448124	-0.020839611	0.08798192	-0.060488366
0.034906276	-0.05204137	-0.0621038	-0.053604573	0.032793455	0.022480402	0.09158993	-0.019523187
0.013704636	-0.052990902	-0.054862674	-0.096534885	0.0063945763	0.06183702	0.059075784	-0.00353008
0.028390445	-0.04068407	-0.0879079	-0.027964527	0.02761194	0.074211925	0.01906849	-0.08727031
0.028533313	-0.013165978	-0.019838432	-0.06297337	0.008111026	0.014761714	0.001673889	-0.022211812
0.0053600147	0.012381362	-0.076942496	-0.085812666	0.00781346	-0.074216574	-0.00077117205	-0.0400291
0.09033157	-0.040351603	-0.0410257	-0.0072543705	0.021507636	0.031014465	0.010064751	-0.0704172
0.013094106	0.0067522605	-0.0065004085	-0.05085261	0.0056606187	0.065914534	0.0257999	-0.032311864
0.07099297	-0.033372425	-0.071681686	-0.07140119	0.04373288	0.05349726	0.022992514	-0.019699307
0.061140027	0.035001125	-0.07485014	-0.061786465	0.08379187	0.0028258127	0.065202415	-0.04729787
0.06118524	-0.008821075	-0.04774451	-0.010809126	0.012300453	-0.002988611	0.022429967	-0.03056819
0.08061282	0.013558128	-0.031460375	6.380358e-05	0.0026528838	-0.037869476	0.050018575	0.046217773
0.03742384	-0.031343684	-0.08451478	0.0033182332	0.018513296	0.05519772	-0.0015034205	-0.08618197
-0.023552427	0.04323112	-0.08972905	-0.08343803	0.016278319	-0.040136795	0.074934326	-0.026766084
-0.04205653	-0.023920195	-0.06758111	-0.08735513	0.096829385	0.01314257	0.044590905	-0.009480126
0.04483914	-0.07185227	-0.049376354	-0.086536214	0.07109789	0.020419806	0.011030044	-0.01484669
-0.007915122	-0.059151933	-0.0721947	-0.02905707	0.004737066	0.007509083	0.065870315	-0.044293117
0.020926248	-0.04599472	0.0032404168	-0.04718349	0.07328761	-0.017440295	0.021744428	-0.011040067
0.0039639412	-0.04093878	-0.09856568	-0.009970794	0.007978639	0.03691423	0.0886124	-0.09810576
-0.026980095	-0.028365167	-0.006909952	-0.029448496	0.005767025	0.04450331	0.029487174	-0.091930196
0.04241928	-0.08086931	-0.03383518	-0.0376801	0.07447065	0.035092905	0.0674429	0.010681676
0.046118796	-0.0509566	-0.0024404826	-0.065473765	-0.012493152	0.077030495	0.019727975	-0.04331421
0.004689009	-0.015635265	-0.025420485	-0.02592926	0.02272437	0.055591084	0.08432431	-0.07834341
-0.02581984	0.0052683246	-0.080506116	-0.0041467967	-0.007867296	0.044756252	-0.010381751	0.00505274
-0.010995578	-0.052684035	-0.07284465	-0.08790832	0.07644374	-0.0076774745	0.0033276617	-0.02203542
-0.0022457752	0.02650956	-0.085880816	-0.04039294	0.04225842	0.009291923	0.011410775	-0.039237067
-0.004930407	0.036669258	0.0016591881	-0.058558855	0.018431863	0.013010282	0.016774524	-0.0395507
0.03223559	-0.017388182	-0.06858736	-0.08455851	0.07029449	0.0010201253	0.021539176	-0.04328612
0.031412072	-0.05049871	-0.09543564	-0.08155534	0.08035126	0.05653715	0.053960714	-0.027440056
-0.01977182	-0.01803831	-0.081993945	-0.036301624	0.07065923	0.04573601	0.07649692	-0.0830139
0.07033453	-0.06644966	-0.0330632	-0.0033590212	0.008226986	0.059329245	0.00350477	-0.028926888
0.025977066	-0.07874114	-0.07297286	-0.0028270232	0.06477297	-0.0026865082	0.07301306	-0.07635097
0.029835507	0.038128328	-0.06128844	-0.041843634	0.065130785	0.0029087323	0.00555971	-0.08946758
0.0039365236	-0.04464168	-0.028325398	-0.050819263	0.056640275	0.081902124	0.06656574	-0.017901046
0.049370993	-0.0796533	-0.06945518	-0.08333746	0.028525226	-0.0024630283	0.014097184	-0.06562288
-0.013059599	-0.08121522	-0.029557772	-0.098795965	0.041184936	0.03023525	0.11626318	-0.08246545
0.031171003	-0.050602447	-0.109010026	-0.09959711	0.049313977	0.09994928	0.02275379	-0.057206776
-0.04856381	-0.00952231	-0.06052618	-0.046255562	0.026370907	0.011703605	0.035645276	-0.019524995
0.07317621	-0.03405344	-0.052084036	-0.09487414	0.0915931	0.041010804	0.09123315	-0.07421919
0.046272498	0.0012307739	-0.0030033572	-0.08117679	0.030494368	0.058200464	0.042126484	-0.09357799
-0.03760302	0.018597996	-0.061452717	-0.06857732	0.055171266	-0.063337356	0.093572915	0.012390773
-0.0075209634	-0.0020628823	-0.09323871	-0.007860492	0.0053250045	-0.016457036	0.032114603	0.0036842672
0.07639625	0.0005913707	-0.04049133	-0.038505595	0.008890201	-0.036198795	0.04384008	-0.043629333
0.02345356	-0.0027387391	-0.0559004	-0.040274236	0.06611018	-0.0013023359	0.06021347	-0.024647396
0.024402635	0.0026204283	-0.024293471	0.011117176	0.07781651	-0.0101102125	0.063865766	-0.028993072
0.02726695	-0.028374754	-0.08364194	-0.06869244	0.017684968	0.060179405	-0.012831211	0.0046957517
-0.05851601	-0.06085116	-0.075535275	-0.049647395	-0.0075836033	0.0019011602	0.01549139	-0.007901937
0.047957353	-0.04925209	-0.012721136	-0.034658	0.04411123	0.04256918	0.04240375	-0.008540495
-0.043125458	-0.046348255	-0.008077033	-0.015646286	0.051947832	0.032569326	-0.0025986219	0.0019714267
-0.005095041	-0.0011018678	-0.03164051	-0.05656578	0.033840276	-0.008686901	0.05352276	0.023884626
-0.031902328	-0.042242344	-0.016471919	-0.0051145107	-0.013389872	0.037311353	0.056221247	-0.031180933
0.037586696	-0.017594475	-0.0014571572	-0.073114336	0.046295222	-0.0512741	0.03744126	0.0014751159
-0.013838247	-0.016722267	-0.052260134	-0.028028814	0.039459772	-0.027257677	0.01732271	-0.037332725
-0.030674702	-0.006542725	-0.011941721	-0.06742866	0.0406516	0.021816028	0.008382427	-0.08530711
-0.036919657	-0.028534032	-0.105378374	-0.07120562	0.09236301	0.0273209	0.086650275	-0.060817905
0.0100584775	0.007811363	-0.07533148	-0.007623312	0.018228645	0.02691091	0.05406911	-0.055056844
-0.044623364	-0.009290998	-0.030643646	-0.0878485	0.068395734	0.009652627	0.09029711	-0.085653394
0.025303455	-0.011032202	-0.064878024	-0.031739596	0.013030417	-0.0043844716	0.02610593	-0.08119781
0.037853718	-0.031573504	-0.08139619	-0.016598543	0.04363655	0.08546253	0.08678088	-0.06409057
0.005204845	-0.03048205	-0.09885389	-0.068831906	0.0023023768	0.08335827	0.03488437	-0.0459168
0.012645196	-0.073042296	-0.00074145716	-0.0048020314	0.04281749	0.043483876	0.030681929	-0.028043859
0.019848961	-0.021123845	-0.0907512	-0.04609335	0.04411221	0.010059959	0.07149122	-0.07957571
-0.0049387775	-0.008933594	-0.06023213	-0.056242872	0.016513417	-0.005927083	0.05745575	-0.023304205
0.013278348	-0.03835298	-0.08627104	-0.05451556	0.07220034	-0.023345608	0.0092761	-0.03947347
0.011929455	0.012880219	-0.019255212	0.0028804056	0.0416178	0.051372174	0.052373324	0.004540782
-0.045363393	0.013468088	-0.068417735	0.0020435562	0.071406044	0.055094726	0.06740827	-0.015029659
-0.06764369	-0.01668761	-0.04639971	-0.047787804	0.07738877	-0.0029966973	0.060300764	-0.009655791
0.01156225	-0.035995327	-0.07745781	-0.0122918645	0.035560768	0.018374326	-0.0010146401	-0.050763685
-0.0044055856	-0.04395906	-0.049514595	-0.02895832	0.025333587	0.036966834	0.0640184	-0.08687119
0.027593186	0.010828341	-0.0373025	-0.078833885	0.032775078	-0.030405195	0.07826151	-0.07138866
0.037403032	-0.022576073	0.0016766437	-0.08149492	-0.0024696374	0.029986795	0.029462658	0.0015912099
0.031061266	-0.026567731	-0.027654964	-0.060532834	0.035005677	0.031880002	0.014871973	-0.044942666
-0.049017336	-0.028232394	-0.0215135	-0.06305563	0.051524155	0.022290012	0.044273023	0.002219111
-0.023916366	0.0015483078	-0.05159848	-0.04584374	0.07617308	0.06749432	0.01650414	-0.03348126
0.046235386	-0.026858091	0.011936778	-0.06830806	0.008031646	-0.004567497	-0.013313072	-0.024013912
-0.04517207	0.0045561534	-0.08036928	-0.0024062467	0.0668487	-0.03234289	-0.00561483	-0.049815807
-0.00013284283	-0.00995695	-0.012098188	-0.011746192	0.09197402	0.01494472	0.03637367	-0.030878793
-0.0417604	-0.043668292	-0.025637958	-0.05796592	0.03052162	0.017899593	0.08222573	-0.000114457565
-0.048049595	-0.005535366	-0.015959088	-0.024431342	0.008138445	-0.014137338	-0.011458666	-0.06414722
-0.027947405	-0.06755936	-0.048380066	-0.0518831	0.07709111	0.0062924903	0.0790914	0.010436239
0.0015371151	0.026142634	-0.033918686	0.014372807	0.020339994	-0.069506	0.04850891	0.048944518
0.014409258	0.042644374	-0.08332714	-0.050589595	0.057019003	-0.017224828	-0.014317166	0.023784144
0.027150862	-0.011938663	-0.05405232	-0.0055693574	0.09118011	-0.0071034464	0.037795193	-0.08604325
0.027091019	-0.0065976214	-0.037213955	-0.008012924	0.019606883	0.003462481	-0.0005992414	-0.041764803
-0.008794444	-0.029698242	-0.041516922	-0.018384075	0.04702009	0.067939125	0.0807417	0.006758156
-0.03048714	-0.028857898	-0.05258705	-0.06963283	0.06931562	0.03249426	0.0041419743	-0.024608504
0.02456751	-0.06719639	-0.05937303	-0.036817484	0.05891428	0.06501655	0.090966016	-0.09120881
0.008970401	-0.07804416	-0.05009782	-0.024715783	0.06919014	0.053632855	0.051754963	0.0006632384
-0.042074133	-0.016190646	0.0045925053	-0.0460994	0.0073785675	0.06835967	0.04780881	-0.001549102
-0.007875923	-0.021144321	-0.031097787	-0.05805545	0.08156412	0.05479158	0.033539634	-0.041833896
0.0034169066	-0.06348229	-0.055696268	-0.024040204	0.069350526	0.016074574	0.05188734	-0.013216807
-0.006122331	-0.035288632	-0.082068846	-0.070929475	0.05751832	0.016383244	0.031792246	-0.05174713
-0.044416115	-0.022497064	-0.06450274	-0.05480529	0.03731865	0.0046113026	0.08732462	-0.020500867
-0.043584894	-0.07469304	-0.00854203	-0.03593369	0.054528423	0.06317139	0.004350621	-0.010373566
0.0044677504	0.012763901	-0.08198695	-5.4814485e-05	0.04501331	-0.049650364	0.08399778	-0.058685087
0.0565842	-0.086839296	-0.010195187	-0.02430872	0.06746319	0.00345218	0.1066185	-0.022921458
0.030758487	-0.022787768	-0.047250435	-0.039247178	0.08251699	0.005595962	0.052269842	-0.05255645
0.019623006	-0.0013813509	-0.015857982	8.858947e-05	0.037763607	-0.049633972	0.023035925	-0.050668854
0.027186641	0.008987621	-0.034152538	-0.07431285	0.081667684	0.014622824	0.08922697	-0.015051442
-0.04297312	-0.052272804	-0.0339842	-0.0180367	0.011665103	0.07516258	0.079215094	-0.01208039
0.032645	-0.06312666	-0.017716836	-0.031374265	-0.014925043	0.0049125277	0.060021326	0.0007444043
0.044043828	-0.03996231	0.009754015	-0.050933104	0.02600017	0.0336172	-0.009667721	-0.012030447
-0.018360235	-0.061133616	-0.05088034	-0.066591464	0.06277053	0.03142688	0.044176143	-0.070613235
-0.02068535	-0.029603863	-0.017768076	-0.046282776	0.045386475	0.013599346	0.041749015	-0.053842068
-0.048413612	-0.017131116	-0.013709026	-0.076840445	-0.0008046813	-0.03981317	0.07607262	-0.00477602
0.001777945	-0.048934806	-0.09385244	-0.014734932	0.0024692856	0.060683955	0.013945872	-0.009654427
0.07184295	-0.020947022	-0.009058312	-0.0064024352	0.06605331	0.00064114574	0.08537621	-0.040087752
-0.028723035	-0.10431036	-0.08222556	-0.010325797	0.038015433	0.053654827	0.08370087	-0.07574155
-0.039159827	-0.027164998	-0.08242206	-0.0814931	0.05766061	-0.0035281	0.09983474	-0.09428348
-0.037479967	-0.08047373	-0.020339722	-0.0455786	0.08796146	0.034437947	0.046756756	-0.0063923136
-0.0009794044	-0.016831046	-0.098939456	-0.015334479	0.013536252	0.0542192	0.07643168	-0.04722872
0.030913414	0.00012464644	-0.0024743376	-0.027480531	0.06538694	0.035458867	0.0178899	-0.0057614963
0.028117612	-0.05289284	-0.030463522	-0.041154042	0.049204726	0.06991973	0.06655674	-0.07393872
0.011649228	0.015816338	-0.032163624	-0.082898796	0.03406007	0.05403273	0.08166766	-0.014950678
-0.010236305	0.032259163	-0.061328173	-0.016672097	0.041156035	-0.06439902	-0.008278076	-0.063876644
-0.07861697	-0.012672163	-0.008871747	0.015392708	-0.0077003827	-0.014983171	0.058714505	0.023369666
0.03624833	-0.0026280815	-0.0021694088	-0.027351893	0.08359985	0.04500937	0.088028036	-0.028247163
0.028740129	-0.043702774	-0.027850164	-0.07399516	0.010776595	0.07381331	0.0713639	-0.01284576
-0.026356982	-0.013014315	-0.03758284	-0.054031845	0.027000865	-0.013611345	0.05805347	-0.05425749
0.065829836	-0.10250033	-0.03488677	-0.013409061	0.07877017	0.048892617	0.06199615	-0.035193913
0.06005933	-0.04999715	-0.09993461	-0.025220634	0.028174398	0.00991858	0.018959254	-0.09796091
-0.043021344	-0.060988482	-0.014853331	-0.065082476	-0.00057443295	0.051653095	0.074595645	-0.07843273
0.041159004	0.0031568208	-0.04822889	-0.011885876	-0.005811405	0.0011146481	0.0081225615	0.0042488114
0.014951038	-0.02580521	-0.008877092	-0.03842922	0.026571304	0.07235225	-0.010167993	-0.047379594
-0.027052414	-0.003217735	-0.0051951692	-0.07718054	0.047982283	-0.0026476486	0.035288397	-0.07599284
0.052093867	-0.032681238	-0.09053668	-0.029063344	0.08080238	0.051727314	0.010395751	-0.00038639212
-0.029534576	-0.01050306	-0.09125179	-0.015356377	0.06457867	-0.008104121	0.03117875	-0.0929216
-0.01453307	-0.033991538	-0.07927176	-0.0809952	0.028788164	-0.013774351	0.040194456	-0.022671405
-0.048485383	-0.07904004	-0.04728774	-0.00311097	0.029321318	0.05887202	0.025761558	-0.00057462923
-0.0054691117	-0.06114889	-0.0059855995	0.0019101901	0.06447295	0.030124042	0.03813955	-0.023188101
-0.01903006	-0.07217059	-0.019979963	-0.080279686	-0.0016990553	0.025461301	0.08528378	-0.018922558
0.045515433	-0.0077276295	-0.062352408	-0.0004897615	0.016518557	0.015035748	0.035521105	-0.008684961
0.015761051	0.0081320815	-0.024388779	-0.08093527	0.024498718	0.063659824	0.07920607	0.0015197829
-0.012800643	0.0058102943	-0.047680706	-0.025336565	0.0017679331	0.047419786	0.043545093	-0.091715306
-0.011206123	-0.014173076	-0.046442714	-0.0195851	0.072384775	0.023224402	-0.010653339	-0.074496105
0.041565973	-0.05725973	-0.052461307	-0.077736884	0.006202957	0.06650153	0.044117056	-0.07818506
0.038138285	-0.036337003	-0.059842084	-0.011617664	0.045474913	-0.015303395	0.046207964	-0.0783597
0.04349793	0.02931127	-0.03398892	0.006910239	0.067986794	0.0055369204	-0.008668273	-0.04684911
0.0010738295	-0.0052690622	-0.07640955	-0.06505527	0.031691864	-0.0077130827	0.05802404	-0.038922183
0.0759724	-0.0203075	-0.046087287	-0.033160295	0.011423047	0.05474474	0.050087165	-0.06858456
-0.027794912	-0.0055826255	-0.06676443	-0.08963425	0.10082474	0.052426655	0.06039169	-0.034606587
0.019215941	-0.025127718	-0.07965403	-0.016497284	0.043146618	-0.011645789	0.017180765	-0.044845622
-0.056305572	-0.08199513	-0.055068668	-0.069474675	0.09154656	-0.019692538	0.027055604	-0.08198812
0.021918735	-0.03760544	-0.07314045	-0.07223906	0.07061134	0.023307553	0.006755931	-0.037010957
-0.07123986	-0.05675581	-0.0028685487	-0.059528675	0.028268954	-0.05893741	0.019984115	-0.051463015
-0.07194099	0.040145278	-0.05588428	-0.0530159	0.030369522	0.0024947196	0.080099806	-0.019605938
-0.03603804	-0.030251646	-0.04351927	-0.042360436	-0.020707536	0.039756227	0.0047516003	0.03718749
0.03829559	-0.08052773	-0.06928705	-0.04926178	0.06913676	0.024022173	-0.0040132347	-0.033117685
-0.04094206	-0.05254374	-0.042211175	0.0013649976	0.08320967	0.020739987	0.049838334	-0.0017407445
-0.049631756	0.009332069	-0.06749315	-0.04229133	0.013193021	0.036393967	0.039453533	-0.0015279091
-0.044620346	0.033907022	0.0022653963	-0.08184257	0.05618769	0.012607393	0.054009728	-0.018948546
0.019042606	-0.03532181	-0.06315909	-0.028026193	0.00863147	-0.030975854	-0.006927382	-0.049749814
0.07035763	0.024755504	0.004294672	-0.028576236	0.024811089	0.030288247	-0.039093614	-0.037158996
-0.0029927965	-0.072343536	-0.026547581	-0.07526122	0.04921802	0.051404223	0.056299035	-0.10583506
-0.033476047	-0.00678803	-0.014291759	-0.052640382	0.018769696	0.055568285	0.006435435	-0.040219534
0.045924306	-0.024407236	-0.0010060526	0.008161139	-0.017608274	0.07675979	0.03683988	-0.018849986
0.018068913	-0.040738758	0.005595877	-0.063430205	0.051822152	0.037239388	0.061450124	-0.043090347
-0.033665195	-0.018101696	-0.029411279	-0.024390655	0.02310815	0.02735439	0.046957802	-0.0069930465
0.05106069	-0.07118728	-0.09891609	-0.07138876	0.079017594	0.007392099	0.07252431	-0.032208502
0.055834804	-0.032296237	-0.06300877	-0.08811927	0.06214548	-0.0061614835	0.10331756	-0.07907634
-0.028212188	-0.014892016	-0.031338833	-0.058469053	0.081142426	0.0051367576	0.062787734	-0.03441727
-0.013459173	-0.0030370823	-0.0064613186	-0.054322585	0.055684585	0.075399	0.057188116	-0.032843605
0.05540552	-0.029909315	-0.010671003	-0.0048092767	0.009973433	0.0827096	0.094032116	-0.06863818
-0.015607409	-0.056375775	-0.057170328	-0.022076644	0.09177924	0.04916916	0.018039983	-0.080635786
-0.053299338	-0.054707527	-0.060462404	-0.088648155	0.0794437	0.008597159	0.02616077	-0.09854007
0.011426398	-0.066023685	-0.072801486	-0.027298886	0.08237716	0.0037996192	0.020670667	-0.077212594
0.05460746	-0.08269452	-0.032649644	-0.09002692	0.0028295752	0.042569995	0.0709822	-0.030658089
0.010804228	-0.012541618	-0.02651068	-0.012873268	0.09148189	0.015795669	0.025138559	-0.027792046
0.0025209377	-0.0584283	-0.042144433	-0.066779576	0.0044823335	-0.03491013	0.073987804	-0.037784472
0.022316802	-0.03501953	-0.09006781	-0.07566704	0.04709024	-0.01978458	0.035114422	-0.010427248
-0.031239932	-0.067127235	-0.047336776	-0.07688777	0.027945958	0.032558206	0.028278844	0.010608367
0.0011406904	-0.076119855	-0.05856931	-0.06461636	0.0049369256	0.033855904	0.08274718	-0.01713857
-0.013451176	-0.059829347	-0.08125999	-0.03875073	0.020871218	0.058304444	0.015674658	-0.026098356
0.0032069304	-0.07352595	0.007922503	-0.06644301	0.007121218	0.06098199	0.057134766	-0.059326414
-0.021396037	-0.003936283	-0.053055394	-0.041844577	0.019677604	0.059180647	0.016704125	-0.08244749
0.009138668	-0.06470377	-0.076445095	-0.00034913607	0.010807946	0.0127099175	0.06511807	-0.021447068
0.03490418	-0.07937412	-0.0694144	-0.019249832	0.055566214	-0.0025707425	0.046154443	-0.06553556
0.013735455	-0.06602275	-0.050732434	-0.059743613	0.071441956	0.074942626	0.06637648	-0.0015630071
0.0053595644	-0.002194824	-0.011983973	-0.076083004	0.038398474	0.021047221	0.040711917	-0.07288993
0.020976637	-0.06681842	-0.08048395	-0.057717726	0.095149785	0.093942694	0.06886116	-0.07031946
0.060355917	-0.028356064	-0.029397536	-0.040525217	0.041993007	0.0012173663	0.0594285	-0.010950331
0.03960168	0.03648543	-0.063767076	-0.041504208	0.013349489	0.009091669	0.046798587	-0.00038141487
0.04476577	-0.06775365	-0.104689755	-0.105053976	0.09781099	0.039124053	0.09648994	-0.038165595
-0.024264839	-0.033800695	-0.06649579	-0.018014988	0.024714058	0.034989595	0.044437848	-0.099333525
0.023714015	-0.07187902	-0.02234411	-0.097392544	0.04765349	-0.0062449737	0.00868903	-0.106853664
0.023856035	-0.0004777101	-0.05315645	-0.039706312	0.0020823132	-0.03775039	0.01763264	-0.029790148
-0.022450017	-0.005177127	-0.029018786	-0.08784357	0.08198652	-0.020429745	0.026232969	0.009682668
-0.028559975	-0.04869858	-0.017075421	-0.07263652	-0.0024389243	0.049395733	0.009793806	-0.06345826
-0.045462232	-0.021142988	0.00036518113	-0.07926765	0.016011832	-0.013160014	0.08023018	-0.07545541
0.009175348	0.010665025	-0.016145686	-0.014146099	0.0019359761	0.016147045	0.02034039	-0.0150796445
0.013343012	-0.057132635	-0.07626333	-0.01865393	-0.00345036	0.037470214	0.022960762	-0.041312154
0.043613296	-0.03150299	-0.051393226	-0.059972603	0.04962898	-0.012828398	0.03398161	-0.021948254
0.03908593	-0.011041818	-0.056532484	-0.07235674	0.050646406	0.028740376	0.006332439	-0.059342608
-0.04322356	-0.08151355	-0.065109745	0.0060519944	0.020490889	0.021001931	0.0057334956	-0.0025608996
0.039996937	-0.0918672	-0.01369875	-0.038159672	0.010958064	0.08816655	0.039922725	-0.037534516
0.008404454	-0.08064351	-0.090784565	-0.029213721	0.011387801	0.030533701	-0.0048562386	-0.0064109513
-0.00021732977	-0.05328081	-0.017690074	-0.012474359	0.021232028	0.020549053	0.075791016	-0.051400207
0.049868766	0.08281257	-0.08347778	-0.045309678	0.075004436	-0.053978715	0.022514109	-0.0015595697
0.07201168	-0.07431259	-0.022623599	-0.042716224	0.027548343	0.013709	0.07668542	-0.06660089
0.068920694	-0.06050342	-0.09495552	-0.024841812	0.01827234	0.0833412	0.02512781	-0.036430873
-0.043602318	-0.0015927125	-0.084557496	-0.07301077	0.008915195	0.013652668	0.08574266	-0.098147646
0.027868198	-0.053135265	-0.07603364	-0.07044271	0.0757407	-0.001476981	0.012476287	-0.037875276
0.012692435	-0.012543988	-0.037589382	-0.08979751	0.05900355	-0.032895308	0.090801895	-0.015970143
0.024968622	-0.034732394	-0.028651923	0.0054918216	0.04007913	0.038640905	-0.0062511773	-0.028484086
-0.004795067	-0.027919395	-0.028727666	-0.06809469	0.01688018	0.07437748	-0.021168116	-0.000802401
-0.025456015	-0.03925107	0.001676672	-0.008346588	0.06274687	-0.009283075	-0.006080613	-0.06054508
-0.053912725	-0.073818505	-0.0844079	-0.022109443	0.0315632	-0.00928097	0.032306165	-0.07079681
-0.034901116	-0.04743955	-0.0038857982	-0.06180562	0.08219878	0.06922101	0.049848553	-0.006271248
-0.021913964	0.019040016	-0.07508547	-0.0047170348	-0.0028707385	0.015390417	0.07580341	-0.055955734
0.026059346	-0.03722294	-0.04000855	-0.08413022	0.011539395	-0.011225955	0.007805182	-0.06297207
-0.013353746	-0.035426013	-0.012621976	-0.051105075	0.056592435	0.05191182	0.013367368	-0.00020149945
-0.020819362	0.011937368	-0.036263727	-0.08656681	0.015019267	0.03163206	0.00545769	-0.060554996
0.04729988	-0.0796814	-0.081251286	-0.08398365	0.0498447	0.009885935	0.015931813	-0.013718121
-0.015604641	-0.07786606	-0.041803688	-0.05801346	0.08368367	0.033913914	0.037469406	-0.0235039
-0.023416407	0.020438282	0.004638847	-0.08335337	0.054364845	0.015240846	0.032080974	-0.035865553
-0.030107208	-0.0065299864	-0.06372381	-0.048824526	0.054830234	0.023516484	0.006570695	-0.06304642
0.020390974	0.026195358	-0.0767182	-0.06766508	0.018235788	-0.04738437	0.087313354	-0.008016021
0.06932758	0.032156963	-0.042588323	-0.014455462	0.09509432	0.010655761	-0.008561382	-0.016349468
-0.023027632	-0.010183733	-0.014515733	-0.031618956	0.022510374	0.029133465	0.02297573	0.003996039
-0.02529194	0.023130672	-0.088218495	0.0062551196	0.08120896	-0.05522802	0.04660484	-0.07220425
-0.035523225	0.004352364	-0.04956902	-0.04873826	0.06464218	0.02994639	0.08622055	0.005664297
0.014728208	-0.026264487	-0.07935343	-0.034147654	0.055367105	0.06834471	0.045447685	-0.017490853
-0.044332266	-0.046179976	-0.0027440668	-0.062081397	0.051621113	-0.05204171	0.03705201	-0.030099165
0.06064091	-0.019347033	0.007369574	-0.029989056	0.00018348586	0.032542318	0.031371605	-0.013087429
0.0028665722	-0.037040874	0.004048053	-0.075488746	-0.007868786	0.006666566	0.018239478	0.007701002
-0.032409754	-0.037397306	-0.00418879	-0.03958177	0.04588775	0.0007056616	0.024208022	-0.09881316
-0.008053894	-0.072817	-0.004363849	-0.05401562	0.036227606	0.035243027	0.019909954	-0.020201273
0.016560683	-0.05569013	-0.014571068	-0.07569577	0.036473937	0.06418586	0.08380195	-0.0580822
0.016567519	-0.09392925	-0.01356694	-0.010549405	0.10393466	0.059531502	0.09881026	-0.01716329
0.055204276	-0.087546416	-0.06881496	-0.07505298	0.0068109413	0.02467176	0.016571503	-0.03156256
0.04213848	0.046534117	-0.06637086	-0.023343822	0.07040108	-0.06728301	0.048764076	-0.0032791914
0.044164494	-0.043613426	-0.042545363	0.00042465774	0.06427805	0.0012310968	0.027092857	-0.07367657
0.033056464	-0.026730709	-0.09115682	-0.044850525	0.05205368	0.057347875	-0.0057099033	-0.027127491
-0.055942412	-0.009320283	-0.05767926	0.013148568	0.08882967	-0.04606567	0.03894561	-0.030510815
0.0203737	-0.022907138	-0.024778642	-0.095819525	0.013432814	0.0080808075	0.063584	-0.08894144
0.007795822	0.008181835	-0.08477612	-0.03870786	0.04929748	0.023766167	0.083478816	-0.032761753
0.009053397	-0.05630207	-0.04298132	0.0075527756	0.078781806	-0.00468471	0.017618489	-0.037373826
-0.024063282	0.0037288913	-0.018086273	-0.055512905	0.0771264	0.038293898	0.08139673	-0.031682983
-0.027528903	-0.0022437396	-0.07057001	-0.06464967	0.002229555	0.012052401	0.06234703	-0.012115035
0.0029989495	-0.05132563	-0.06318176	-0.025107926	0.04176828	0.02716986	0.08905023	-0.044593755
0.024769433	-0.036012795	-0.05829415	-0.020408342	0.036101785	0.0219534	0.09186729	-0.021460043
-0.0045651384	-0.055696532	-0.037184678	-0.09600788	0.041190952	-0.04436831	0.08779904	-0.045964155
0.006426874	0.009784156	-0.00990631	-0.06414909	0.04874098	0.038448565	0.051424593	-0.052738525
0.017268851	-0.027326532	-0.08101109	-0.06418273	0.08383833	0.003041909	0.050508305	-0.08610376
0.05269167	0.0123795625	0.030649334	0.046712518	-0.06979346	-0.042438943	-0.04286013	0.04527406
0.007785558	0.03572628	0.05515251	0.059693273	0.009144139	-0.01212062	-0.044275347	0.079559274
-0.040726077	-0.037104856	0.018000852	-0.021826481	-0.039364018	-0.034661997	0.022799876	0.019030038
-0.024284258	0.021186173	0.025155373	0.047880154	-0.06851062	-0.036487237	-0.08465595	0.047235306
0.0036474913	0.02130146	0.03600475	0.051093586	-0.001037574	-0.07696762	-0.040788762	0.040051553
0.00493796	0.079227924	0.07939154	0.04988117	-0.08796328	-0.052743725	-0.042232975	0.037831046
-0.014880542	0.043623105	0.033124212	0.087146275	-0.079628915	-0.029548213	-0.00037415905	0.04115355
0.057045627	0.049376782	0.061070666	0.05177375	-0.020572241	-0.0004065471	-0.0842485	0.06182264
-0.006668468	0.04730241	0.03648686	-0.0022349574	0.006922058	0.08194296	-0.0074356864	0.024203867
0.012891947	0.017010808	0.016207699	0.03476634	-0.05964462	0.055817015	-0.03355215	0.043852292
-0.053955853	-0.07223919	0.090790875	-0.023707824	-0.018288651	0.06296589	-0.025247902	0.0549844
0.0055817007	-0.017193522	0.07875652	0.0037587297	-0.014879865	0.07691279	0.0009914036	-0.014463423
0.0056328396	-0.08538309	0.035398196	0.08031089	0.012639658	-0.00045849473	-0.010342805	0.008696261
0.0018779407	0.033582274	0.024932865	0.0957135	-0.07431016	0.0007420795	-0.03276558	0.10330642
0.05317428	-0.009405221	0.016670523	0.08122149	-0.08993257	0.007332696	-0.01778833	0.09229363
-0.01598502	0.024773736	0.054353885	0.0050063864	-0.058256604	-0.051516272	-0.008241751	0.077612475
0.04055669	0.081182115	0.005272981	0.068974026	-0.028218256	-0.003386544	-0.059827194	0.09856342
-0.024855057	0.028568255	0.09698801	0.058133762	-0.010047864	-0.04719692	-0.0012746342	0.0553526
0.032005657	0.026025953	0.0030742823	0.031526495	-0.05606671	-0.061236177	-0.06819445	0.041070696
-0.03901149	0.052137215	0.0061368034	0.043074284	0.008284972	-0.016692262	-0.08492486	0.07966935
0.02612791	0.07681227	0.08282575	0.071583726	-0.04011987	-0.0045380807	-0.04701278	-0.0032587093
0.018019058	0.049895395	0.07847787	0.09544883	-0.002545541	-0.028490204	-0.03630681	0.022172704
0.03364699	-0.010498529	0.030719057	0.08936799	-0.05513429	0.07191385	-0.010373566	0.087937586
0.030174054	-0.0500835	0.034822226	0.06340033	0.0014437197	0.07756915	-0.07804144	0.044869978
-0.05073779	0.031318646	0.06855912	0.08301131	-0.014144702	0.018094704	-0.062218644	0.07360775
-0.010291264	0.103586346	0.04390789	0.029388659	-0.06844068	-0.0023480873	-0.0966625	0.053829864
0.026302146	0.015303008	0.042923965	0.08049402	-0.057283472	-0.013385831	-0.0076487125	0.01214459
-0.02533224	0.01021134	0.053302035	0.07012472	-0.048690867	-0.025126118	-0.05564162	0.0075210496
-0.0132272355	0.081516124	0.037661996	0.014742942	-0.09320154	0.04097812	-0.054744978	0.013049237
0.05852576	0.07261711	0.0026486116	0.0032264031	-0.007935374	-0.047123775	-0.06811874	0.08823188
0.08778648	0.016824253	0.09584308	0.044900924	-0.00036999804	0.0021072412	-0.06184105	0.028261403
0.09924639	0.01967497	0.009977729	0.0583776	-0.02366277	0.07445004	-0.027531132	0.040281616
-0.010632409	0.0676703	0.035765965	0.07361627	-0.034717325	-0.059617907	-0.024854215	0.09174191
-0.024489835	0.040903825	0.05315551	0.05753503	0.00018300295	-0.07392634	-0.09155253	0.032974068
-0.025703907	0.08082706	0.002614396	0.061487753	-0.015571052	-0.019373499	-0.082779385	0.0493221
-0.03406967	0.07654174	0.04925198	0.05658379	-2.923372e-05	0.023831692	-0.0872486	0.080520995
0.029583938	0.0887903	0.0023749515	0.011283975	-0.013432894	0.04632768	-0.09730294	0.046104487
0.043755285	0.07939335	0.005629838	0.06624388	-0.03510374	0.006480533	-0.047972687	0.016698638
-0.025077095	0.07604013	0.024070986	0.054898653	-0.07972456	-0.028414913	-0.079421386	0.0015782528
0.015598604	0.02887994	0.047404334	0.046450388	-0.050069373	-0.051760573	-0.009990498	0.032617595
0.03505462	-0.0054613445	0.088909335	0.00097652536	-0.0037403393	-0.012225097	-0.027788918	0.0923065
0.040891726	-0.0018710651	0.0033062508	0.093807384	0.010813462	0.020485695	-0.06674149	0.016747788
0.040280275	0.04351495	0.0770809	0.010470212	-0.0236534	0.040511984	-0.07827182	0.07166412
-0.021772435	0.008531311	0.07754473	0.0061181556	-0.020153347	-0.015815128	0.0006211266	0.09009296
-0.0042516002	0.03250324	0.024511693	0.028548459	-0.067057	0.0022141873	-0.05459456	0.092000976
0.060787387	0.09586349	0.060526226	0.018460007	-0.045263294	-0.012185237	-0.038962264	0.09907225
0.050324462	0.05595891	0.052775916	0.026954815	0.012260579	0.01734273	-0.03637859	0.068035096
0.010723669	0.06459973	0.050605267	0.039638497	-0.023442717	-0.04617629	-0.015225758	0.06190106
0.014049355	0.074828476	0.04771275	0.07021874	-0.06494798	0.0033370536	-0.06789737	0.06874488
0.028436502	-0.019379932	0.004585689	0.01728566	-0.079042055	0.026547307	-0.06465766	0.079434246
0.048618674	0.017850094	0.06857271	0.064168066	-0.02144383	0.02472549	-0.035832893	0.03908973
0.039806087	0.014805554	0.03168277	-0.0086617265	-0.041902214	-0.051668677	-0.03356276	0.08257945
-0.015570263	0.02104596	0.053111147	0.039170235	-0.04379699	0.024383103	-0.082388654	0.08083584
0.021446494	0.04922485	0.0837117	0.06981591	-0.06232573	1.2796823e-05	-0.022147357	0.05841365
0.014109499	-0.043165162	0.028036248	0.06374323	0.013378849	0.0149223935	-0.03189864	0.03645372
-0.005401385	0.028249644	0.0029081996	0.08897639	-0.031741366	0.023090467	-0.07848903	0.076267764
0.06964475	0.07276389	0.0076568713	0.015932769	-0.0749001	-0.04490463	-0.0866199	0.08231653
0.011243094	0.076917455	0.031823523	0.008372977	-0.04276478	-0.056649532	-0.07228711	0.0013689615
0.10169513	0.0019058856	0.005228646	0.063404456	-0.06358838	0.073759824	-0.008386906	0.010673113
0.07703813	0.0123746125	-0.0005051858	0.043984964	-0.021351824	0.019514276	-0.011850217	0.026463423
-0.011157106	-0.0057700556	-0.0066635087	0.03275149	-0.008528642	0.0014178001	-0.060089294	0.07809666
0.015594184	0.041353066	0.045680117	0.09663628	-0.03270186	-0.012313946	-0.014941726	0.010221407
0.03538065	0.048337843	0.018508026	0.060932912	-0.07251508	-0.07367357	-0.026105344	0.016727485
0.0614534	0.032741092	0.06535931	0.09388349	-0.011356468	-0.06094755	-0.02972459	0.011266224
0.029352872	0.014743387	0.057222918	0.042298544	-0.08828034	0.002741074	-0.04909966	0.08240974
0.06550223	0.029715126	0.09350622	0.0045137117	-0.03541886	-0.05753519	-0.043042656	-0.0001971589
0.0027421545	0.066154346	0.021498661	-0.0032453616	-0.0072541605	0.013078481	0.0022844328	0.051840167
0.0025768569	0.06358898	0.017502729	0.05533458	-0.009139543	-0.06380542	-0.020986043	0.063569315
-0.011837955	0.039749395	0.00055350346	0.007761066	-0.03876936	0.014743238	-0.049898982	0.0045987084
-0.0032617939	0.02670817	0.031371437	0.050849583	-0.048530303	0.07681933	-0.050774302	0.024307596
-0.010466039	0.01289433	0.069159	-0.004134905	0.0069377893	0.07656306	-0.03179131	0.020932203
-0.035891965	-0.052903075	0.07560899	0.062160403	-0.06182475	0.058584638	-0.05315948	0.050537106
-0.019402206	0.019377496	0.046852265	-0.02689575	-0.022178853	-0.018552493	-0.017266214	0.0034975186
0.04891355	0.049271666	0.011687884	0.091752574	-0.017611798	-0.070353806	-0.015910963	0.023824496
0.060800336	0.02729846	0.0058024446	0.09352941	-0.073887564	-0.056984924	-0.054461837	0.06429666
0.015674427	0.054395955	0.07667768	0.08093891	-0.061131086	0.046783354	-0.07131679	0.0731739
0.04050031	0.07718109	0.03580643	0.0030329	-0.08073864	0.010195255	-0.04238007	0.037462566
0.031050708	0.016378745	0.01636261	0.03943356	-0.07047004	0.055752505	-0.03224787	0.0757116
0.019182319	-0.032923497	0.0012233111	0.011270225	-0.001109837	0.059446137	-0.07915438	0.014714409
0.04039235	-0.04141057	0.037895706	0.051301382	-0.018306384	0.08739095	-0.07761673	0.008526082
-0.064473964	-0.018751185	0.041689225	0.03180258	-0.040181566	0.067721196	0.027053028	0.01694325
0.010049612	0.039384164	0.082775265	0.052026927	-0.05093646	0.0012068605	-0.05289606	0.018692372
0.057571966	0.043412734	0.070576996	0.0160302	-0.075879164	-0.010653614	-0.026645927	0.061687104
0.070220605	0.0006028925	0.06285643	0.036095206	-0.032043792	-0.005081399	-0.032684043	0.00854747
0.07106496	0.04178689	0.014650285	0.049510013	-0.037047215	0.038402718	-0.05442097	0.028170917
0.048148725	0.025286067	0.0429882	0.039830294	-0.05179557	0.07074277	-0.04457935	0.041352313
-0.013464042	0.01477968	0.09284022	0.0183379	-0.015508749	0.019276623	-0.047326386	0.0567763
0.0009333018	-0.024747426	0.05854668	0.045700826	-0.03827855	0.028560275	-0.08892453	0.018620713
0.0041268268	0.010117576	0.072798766	0.08693329	-0.012050864	-0.054992378	-0.040977202	0.033904735
0.08476252	0.092617355	0.03661252	0.06546931	0.0040283417	-0.0062112627	-0.0024564578	0.059821427
0.0012022468	0.068375304	0.045052376	0.03644086	-0.083980896	0.023676574	-0.09206515	0.031138834
0.018398613	0.05007213	0.07826454	0.04730832	-0.04689469	0.09353077	-0.05566858	0.066491485
0.022168864	0.030370759	0.016993608	0.06091062	0.01140081	-0.017297763	0.00029386987	0.003046293
0.056292426	-0.005816493	-0.0022742962	0.07423272	-0.002287879	0.026109971	-0.072905235	0.09068935
0.022026356	0.040918734	0.04037667	0.08720201	-0.08153124	-0.016124688	-0.008676142	0.08387225
-0.012639477	0.0778494	0.04860776	0.006508995	-0.007908247	-0.021831203	-0.0072632045	0.06699095
0.04228845	0.011232232	0.022517938	0.027147185	-0.09080638	-0.029877868	-0.049746823	0.02285508
0.0111515075	-0.0036625494	0.067151934	0.031565756	-0.00959645	0.016374623	-0.06427544	0.070096396
0.041221455	0.038785923	0.056360606	0.098405026	-0.083813466	-0.03678228	-0.047673598	0.01338669
0.004185096	0.014335066	0.03925021	0.027702106	-0.012865125	-0.019544322	0.00037567236	0.07023687
0.047122773	0.068176106	0.012776021	0.05532282	-0.045735788	0.004910091	-0.081170484	0.00825198
0.049247622	0.04205968	0.07138217	0.06332241	-0.022914393	-0.018471066	-0.08907743	0.014376924
-0.0014077498	0.06520506	0.073530756	0.039514482	-0.002836529	-0.015568148	-0.013785432	0.07570197
0.041246478	0.07839869	0.07711726	0.057568815	-0.055629212	0.037484426	-0.010433936	0.043567866
-0.00021208351	0.08746224	0.08248408	0.07336824	0.0014502438	0.036432758	-0.03473153	0.013879651
-0.01273874	0.016825935	0.059924003	0.047431193	0.008742599	0.06380934	-0.09023001	-0.004092881
0.027132481	0.05481441	0.010822538	0.0691384	-0.045726236	0.0711028	-0.014779065	-0.0053172074
0.014234507	-0.07061189	0.09621958	0.009290356	-0.016258452	0.075649016	-0.03754436	0.0076431627
0.038192242	0.10724938	0.088415034	0.06106391	-0.06469524	-0.053155575	-0.06372827	0.06981891
0.07445688	0.0032492345	0.0577875	0.035988215	-0.03799339	-0.0559699	-0.035747897	0.03487673
-0.020968253	0.088569134	0.030051755	0.059074767	-0.006898272	-0.013974293	-0.02549906	0.09099636
-0.01478519	-0.0041087167	0.03698963	0.08007464	0.014399878	0.012809811	-0.08781605	0.07716987
0.049080156	-0.04281817	0.06424321	0.04160072	-0.024329294	0.083369434	-0.018175045	-0.01236362
0.022566427	0.008338582	0.030763565	0.007146128	-0.07258779	0.021911902	-0.058651857	0.07647962
0.038236648	0.077445544	0.010703652	0.04566832	-0.014710132	-0.049519353	-0.04398732	0.0045722895
-0.044656564	0.021467395	0.03300352	0.014149218	-0.031962644	0.047768712	-0.041127235	0.082359
0.012842709	0.020212268	0.010610301	0.069913045	-0.018255193	0.0329808	0.008803752	-0.0023422022
-0.0041397517	-0.0043753665	0.05651949	-0.024507783	-0.026161117	0.027279364	-0.0381217	0.053440705
0.07066151	0.07542433	0.07962193	0.051701963	-0.033962186	-0.0127815455	-0.015158374	0.091440775
0.037979286	0.078078225	0.058520485	0.08274279	-0.049227808	-0.0922139	-0.09789512	0.09223055
0.017851625	0.040680014	0.039445706	0.07001605	-0.024854407	0.0061557903	-0.023124628	0.03319745
-0.024728348	0.06229054	0.03900108	0.06302591	-0.088481724	-0.0036735323	-0.048452593	0.04108329
-1.5908867e-05	0.005978923	0.081106834	0.078306556	-0.020545173	0.0058861407	-0.083561316	0.01093728
-0.010109227	0.059459515	0.009151348	0.0054780645	-0.043680895	-0.03427254	-0.0072548203	0.004287962
0.054404687	0.08889053	0.044457376	0.10001533	-0.10155895	-0.05439088	-0.08053275	0.020253515
0.05575824	0.09569167	0.01117475	0.015420596	-0.061395284	0.0020900671	-0.074782014	0.07677974
-0.004813592	0.020683402	0.012248566	0.008159973	-0.0685045	0.0138168	-0.08467996	0.0678731
-0.0048714	0.0059256884	0.06614836	0.039097317	-0.05043625	0.011748449	-0.042113192	0.06392256
-0.008389425	0.068023905	0.006670406	0.028651694	-0.05852085	0.0037363793	-0.046968687	0.058081847
0.049268644	0.01801094	0.057813827	0.031545877	0.0016399103	-0.013542696	-0.018033665	0.030821841
0.03363146	0.056523547	0.06680397	0.027242217	0.00603208	-0.030003488	-0.036669955	0.06920945
0.046640895	0.018965844	0.05715795	0.016720232	0.0027615293	-0.019653749	0.0029543713	0.080958106
0.022940278	0.02073316	0.02800252	0.005173867	-0.039821867	0.028802004	-0.051187553	-0.016027398
0.026059184	0.06757421	0.014928142	0.010085818	-0.07849957	-0.07474142	-0.06395964	0.003075276
0.026890827	0.08600515	0.07653478	0.061254013	-0.061418727	-0.022604639	-0.052849744	0.037347067
0.008704173	0.053447794	0.08224773	0.032716777	-0.08541858	-0.04227567	-0.0045921765	0.032709215
0.02038536	0.07587977	0.0576088	0.09119543	-0.0015959244	0.011588815	-0.060268622	0.10220515
0.021296624	0.00712888	0.088011585	0.040274158	-0.036023207	0.034134828	-0.0736227	0.07591829
0.069449335	0.055399988	0.061144255	0.06548378	-0.0011159868	-0.018953012	-0.040087048	0.07768213
0.027145157	0.09392909	0.07620603	0.061686672	-0.08513333	-0.022549437	-0.091807395	0.07013425
-0.0141877085	0.09490323	0.056280874	0.0028340921	-0.04898196	0.008503849	-0.059182916	0.02799531
0.04126685	0.0065467753	0.008717796	0.056122113	-0.08792047	0.014898019	-0.016849615	0.010274426
0.047833577	0.0042611146	0.011983098	0.05210558	-0.07123813	-0.036402356	-0.0031964956	0.081492364
0.009099323	0.0062553063	0.036186386	0.024604132	-0.036080003	-0.045830127	-0.064783745	0.09098934
0.069546066	0.031411972	0.03083794	0.059917245	-0.022033501	-0.01724312	-0.06135202	0.09469689
-0.0034844694	-0.011958884	0.04807531	0.07058125	-0.03973556	0.061746374	-0.015967859	0.059353348
-0.01710314	-0.006494908	0.09686778	0.00822954	0.010391596	0.0633531	-0.054047428	0.04604244
0.010778116	0.021918014	0.064769685	0.011276933	-0.08141521	-0.07621605	-0.106496915	0.07403507
0.02579366	0.03641473	-0.00718676	0.06612823	-0.0086360155	-0.060784087	-0.029896734	0.07119845
0.06276909	-0.006869528	0.08903952	0.0010564089	-0.0057108747	-0.0530651	-0.02307727	0.027531158
0.008361004	0.023908613	0.021712007	0.04609053	-0.048641607	0.05480013	0.008333879	0.056537192
-0.004216742	-0.023968162	0.056134935	0.04147019	0.009646353	0.030229721	-0.01378705	-0.017328529
-0.01007212	-0.057216734	0.035504155	0.03326234	-0.034016743	0.051797997	-0.037141405	-0.017524978
-0.043080065	-0.04813466	0.05180215	0.0371801	-0.012312767	0.056250587	-0.03035052	0.015305336
-0.025090532	-0.029024394	0.059461568	0.05190877	-0.0041208006	0.05514156	-0.02192226	-0.035261083
0.0667533	0.102208756	0.047328588	0.039715223	-0.08082795	-0.079096965	-0.045410365	0.09523898
0.050480425	0.026769502	0.0835597	0.021296537	-0.019377673	-0.0870189	-0.0067094634	0.09417112
-0.0073446715	0.052023925	0.032158278	0.03415388	-0.042275295	0.03880692	-0.087911144	0.06562202
-0.0071993284	-0.0071553253	0.0728212	0.019435756	0.017431779	0.0033801566	0.0042741764	0.06492897
-0.00020258792	-0.029800078	0.07406758	0.06613616	-0.04657865	0.044126417	-0.07018746	0.053017247
0.031221662	0.010623969	0.07062977	-0.012630778	-0.011680407	0.07680842	-0.07158239	0.027155038
-0.06830795	-0.004877733	0.013038864	0.018975748	-0.05273488	0.084475696	-0.050542574	-0.01003821
0.0030171284	0.07403166	0.08005057	0.06000475	-0.06984416	-0.0200374	-0.030245522	0.047453497
-0.009910821	0.028355543	0.05746246	0.014701007	-0.048930783	0.03865628	-0.012727862	0.081398904
-0.0074261273	-0.021323739	0.09369086	-0.009460078	-0.05892269	0.0801127	-0.029958613	-0.00017189002
-0.010143188	-0.012830317	0.0076064514	0.00072211865	-0.0006749168	0.031110847	-0.005333037	0.054973833
-0.004029013	0.021959765	0.017108973	0.030379727	-0.007865196	-0.0031392565	-0.02146873	0.009626551
-0.024349282	0.05313839	0.050490525	0.08885407	-0.041649	-0.04898228	-0.082899824	0.043738376
-0.007961258	0.046624523	0.038622823	0.050458245	-0.029555859	-0.0024595554	-0.10123209	0.053292524
0.0020935875	0.10032609	0.06035036	0.0948642	-0.031108888	-0.061602782	-0.05314132	0.026461069
0.05495895	0.051249962	0.036780253	0.037450235	-0.023731967	-0.0099818595	0.008850917	-0.002662274
0.063323505	0.065822996	0.04347926	0.027713187	-0.024618419	0.06560506	-0.09035378	0.09967195
-0.034733407	0.01674947	0.09823496	0.05395472	-0.05164959	0.05243463	0.04120829	0.0117065525
0.0020245882	0.077654466	-0.00222507	0.01844307	-0.08201095	-0.056773633	-0.038745325	-0.0026573162
-0.038263198	0.067937404	-0.00598764	0.02529304	0.0045439443	-0.04004191	-0.012121297	0.004812325
-0.0013764583	0.0772153	0.05402109	0.073020525	-0.017744381	0.006590472	-0.01676268	0.03819863
0.036629457	0.018298827	0.09458931	0.030973691	-0.08882344	-0.05742634	-0.032944348	0.015911859
0.03744783	0.009276174	0.032656226	0.07105009	-0.020266475	-0.029631818	-0.06666964	0.04079537
-0.009123188	0.06327918	0.061262958	0.06788913	-0.042179596	0.028936947	-0.033047393	0.063283004
-0.024591051	0.05392125	0.051399097	0.045955077	-0.021967052	0.04846936	-0.062531605	0.044785574
-0.02204848	0.03603746	0.0673911	0.082547545	-0.044273566	0.047637247	-0.025131077	0.09933358
0.061231367	0.023782656	0.056450877	0.00013368149	0.0055720657	-0.00047878677	-0.0040254663	0.032052066
-0.031250186	0.09996302	0.10187986	0.08454099	-0.0324951	-0.02569321	-0.09485598	0.054856252
0.03335171	0.058588155	0.07838539	0.062374067	-0.08624531	-0.06352408	-0.046434585	0.010493461
-0.0073936097	0.08531685	0.06622109	0.013200647	-0.049963444	-0.033190567	-0.053351518	0.082853094
0.029275112	0.019341188	0.0856874	0.008770385	-0.043953292	-0.03728525	-0.01101429	0.011234576
0.05451007	0.02592309	0.0056620715	0.008012602	-0.03047275	0.012582841	-0.04160349	0.037074115
-0.02936699	0.08563123	0.07444642	0.01729288	-0.024797691	-0.038989205	-0.056283455	0.0079229055
0.024115646	0.04992484	0.045230445	-0.004611287	0.0016392032	-0.04854044	-0.0470092	-0.00525633
-0.036194157	0.0070521897	0.042272884	0.08582631	-0.04512906	-0.006890074	-0.07742883	0.075367406
0.01903465	0.07024958	0.07565598	0.028542073	-0.036895506	-0.051612433	-0.07968083	0.018062519
-0.02554688	0.07422134	0.062677085	0.09283793	-0.0423433	-0.04096598	-0.043953307	0.033712648
0.010150487	0.08473897	0.03439926	0.0847203	-0.058685314	-0.039758243	-0.08678362	0.06667478
0.039906558	0.038181875	0.04293076	0.033199545	-0.0727887	-0.005759779	-0.007849396	0.061593723
0.028559307	0.05436084	0.0585452	0.09264846	0.0014183917	0.014345784	-0.092683986	0.019270726
-0.046540998	0.05840845	0.021908825	0.01739407	-0.088386334	-0.042314976	-0.01530852	0.0072679115
0.00695071	0.059394	0.04777331	-0.0074200607	-0.044304203	-0.047893386	-0.013728773	-0.002396636
0.03717837	0.039295364	-0.0045492356	0.055301365	0.003314547	-0.00083831936	-0.0035379692	0.08824444
-0.0196928	0.035510864	0.058360204	0.05564548	-0.009838483	-0.026043046	-0.021933323	0.041298788
0.038966816	0.08122038	0.07180068	0.05092281	0.0015861131	-0.022480456	0.0032043448	0.026460024
0.05122857	0.04116133	-0.002540868	0.06575708	-0.08113689	-0.024647074	-0.04820783	0.056815352
0.032062743	0.01763655	0.09270957	-0.004370989	-0.01175883	0.032544542	0.0006774909	0.07335339
-0.0036969988	0.014386179	0.06479951	0.06353689	-0.040076874	0.07958708	-0.088203646	0.04131005
0.026064174	0.0037160425	0.03812555	0.05790419	0.005384686	0.047428686	-0.0051910905	-0.014638112
0.0007972053	0.0027197576	0.08719799	0.03909678	-0.048434947	0.08959843	-0.034982406	0.050564054
-0.0038825683	-0.008975746	0.093470015	0.0088461945	-0.03869501	0.0625775	-0.04977223	0.0165744
-0.053240027	-0.011833698	0.070052445	0.015256843	-0.010833375	0.046669662	-0.025444843	0.028641155
0.04565297	0.100470476	0.08359412	0.09824461	-0.08650802	-0.081439935	-0.08012253	0.07383739
-0.031106014	0.03454169	0.07751101	0.04722613	-0.08646589	5.074164e-05	-0.06598338	0.015529799
0.009416596	0.10127421	0.048938468	0.034220364	-0.06282882	-0.061772693	-0.072606556	0.025404252
-0.020271376	0.026046572	0.020267658	0.084067695	-0.075105645	-0.061033763	-0.02283055	0.022148656
0.00029561136	0.05923948	0.07730851	0.056139126	-0.04654636	-0.03264162	-0.086952	0.08976091
-0.01283207	0.048189234	0.076076075	0.055502936	2.6418591e-05	0.073586404	-0.06871143	0.08747962
0.03170184	-0.016814636	0.06280647	0.0042583193	-0.05429849	0.067360304	-0.06963176	0.003566927
0.04678719	-0.0374456	0.045969862	-0.0153673915	-0.03203391	0.05579282	0.013517738	0.046167932
-0.012397151	-0.06762559	0.023466036	0.07695915	-0.045835298	0.0033038897	-0.052672967	-0.027209746
0.00706937	-0.04882204	0.014232099	0.07831481	0.032902632	0.0027274366	0.07146545	-0.02364977
0.02402483	0.09359665	0.07787527	0.023001071	-0.039927527	-0.0277579	-0.040326275	0.00875504
0.032945395	0.043432545	0.029442007	0.034235843	-0.07571635	0.003193397	-0.08876831	0.04876372
-0.036195867	0.044329073	0.0046896874	0.081749246	-0.09983385	-0.026556501	-0.056607004	0.05249562
0.046842147	0.03968827	0.094182886	0.095450886	-0.013232293	-0.07701472	-0.099402726	0.0996458
0.05677462	0.031809777	0.043349568	0.08010004	-0.027138354	-0.07498018	-0.038121838	0.056848664
0.017778687	0.099718645	0.006752237	0.09091621	-0.034008186	-0.021528462	-0.10288111	0.014685231
-0.007030328	0.04681354	0.068105884	0.06475485	-0.034757987	0.01609149	-0.09475933	0.054661322
-0.01790934	0.05982179	-0.0052363323	0.050151348	-0.017398784	-0.03159319	-0.089356236	0.0059259147
0.041541163	0.002746149	0.039194066	0.046135474	-0.054875735	-0.05976374	-0.047983892	0.0607079
